time_bin,clouds,rain_1h,snow_1h,wind_speed,wind_deg,humidity,press,temp,temp_feels,temp_max,temp_min,park_name,sunrise_time,sunset_time,status,detailed_status
2020-04-04 08:35:00,90.0,0.25,0.0,5.1,40.0,93.0,1016.0,46.4,38.7,48.2,44.6,Prospect Park,2020-04-04 10:33:33,2020-04-04 23:23:28,Rain,light rain
2020-04-04 08:50:00,90.0,0.25,0.0,4.6,40.0,93.0,1016.0,46.6,39.56,48.2,44.6,Prospect Park,2020-04-04 10:33:33,2020-04-04 23:23:28,Rain,light rain
2020-04-04 09:05:00,90.0,0.0,0.0,4.6,40.0,93.0,1016.0,46.69,39.67,48.2,44.6,Prospect Park,2020-04-04 10:33:33,2020-04-04 23:23:28,Rain,light rain
2020-04-04 09:20:00,90.0,0.0,0.0,4.35,45.0,93.0,1016.0,46.95,40.31,48.595,45.0,Prospect Park,2020-04-04 10:33:33,2020-04-04 23:23:28,Rain,light rain
2020-04-04 09:35:00,90.0,0.0,0.0,4.1,50.0,93.0,1016.0,47.05,40.75,48.99,45.0,Prospect Park,2020-04-04 10:33:33,2020-04-04 23:23:28,Rain,light rain
2020-04-04 09:50:00,90.0,0.0,0.0,4.1,50.0,93.0,1016.0,47.58,41.405,49.495000000000005,46.0,Prospect Park,2020-04-04 10:33:33,2020-04-04 23:23:28,Rain,light rain
2020-04-04 10:05:00,90.0,0.0,0.0,4.1,50.0,93.0,1016.0,47.73,41.59,50.0,46.0,Prospect Park,2020-04-04 10:33:33,2020-04-04 23:23:28,Rain,light rain
2020-04-04 10:20:00,90.0,0.0,0.0,4.1,40.0,87.0,1016.5,48.3,41.88,50.504999999999995,46.0,Prospect Park,2020-04-04 10:33:33,2020-04-04 23:23:28,Rain,overcast clouds
2020-04-04 10:35:00,90.0,0.0,0.0,4.1,30.0,81.0,1017.0,48.7,41.95,51.01,46.0,Prospect Park,2020-04-04 10:33:33,2020-04-04 23:23:28,Clouds,overcast clouds
2020-04-04 10:50:00,90.0,0.0,0.0,4.1,30.0,81.0,1017.0,48.965,42.265,51.504999999999995,46.0,Prospect Park,2020-04-04 10:33:33,2020-04-04 23:23:28,Clouds,overcast clouds
2020-04-04 11:05:00,90.0,0.0,0.0,4.1,30.0,81.0,1017.0,49.68,43.14,52.0,46.99,Prospect Park,2020-04-04 10:33:33,2020-04-04 23:23:28,Clouds,overcast clouds
2020-04-04 11:20:00,90.0,0.0,0.0,3.5999999999999996,50.0,81.0,1017.0,50.09,44.28,53.01,46.99,Prospect Park,2020-04-04 10:33:33,2020-04-04 23:23:28,Clouds,overcast clouds
2020-04-04 11:35:00,90.0,0.0,0.0,3.1,70.0,81.0,1017.0,50.68,45.63,53.01,48.0,Prospect Park,2020-04-04 10:33:33,2020-04-04 23:23:28,Clouds,overcast clouds
2020-04-04 11:50:00,90.0,0.0,0.0,3.1,70.0,81.0,1017.0,50.905,45.905,53.504999999999995,48.0,Prospect Park,2020-04-04 10:33:33,2020-04-04 23:23:28,Clouds,overcast clouds
2020-04-04 12:05:00,90.0,0.0,0.0,3.1,70.0,81.0,1017.0,51.13,46.18,54.0,48.0,Prospect Park,2020-04-04 10:33:33,2020-04-04 23:23:28,Clouds,overcast clouds
2020-04-04 12:20:00,90.0,0.0,0.0,3.1,70.0,81.0,1017.0,51.91,47.14,55.0,48.0,Prospect Park,2020-04-04 10:33:33,2020-04-04 23:23:28,Clouds,overcast clouds
2020-04-04 13:20:00,90.0,0.0,0.0,2.1,50.0,66.0,1017.0,54.43,50.23,57.99,50.0,Prospect Park,2020-04-04 10:33:33,2020-04-04 23:23:28,Clouds,overcast clouds
2020-04-04 13:35:00,90.0,0.0,0.0,2.1,50.0,66.0,1017.0,54.39,50.2,57.99,50.0,Prospect Park,2020-04-04 10:33:33,2020-04-04 23:23:28,Clouds,overcast clouds
2020-04-04 13:50:00,82.5,0.0,0.0,2.355,44.5,60.0,1016.5,54.724999999999994,49.755,59.0,50.0,Prospect Park,2020-04-04 10:33:33,2020-04-04 23:23:28,Clouds,overcast clouds
2020-04-04 14:05:00,20.0,0.0,0.0,2.61,39.0,47.0,1017.0,55.02,48.65,59.0,50.0,Prospect Park,2020-04-04 10:33:33,2020-04-04 23:23:28,Clouds,few clouds
2020-04-04 14:20:00,20.0,0.0,0.0,2.61,39.0,47.0,1017.0,55.31,48.97,60.01,50.0,Prospect Park,2020-04-04 10:33:33,2020-04-04 23:23:28,Clouds,few clouds
2020-04-04 14:35:00,75.0,0.0,0.0,2.6,260.0,51.0,1017.0,56.1,50.27,60.8,51.01,Prospect Park,2020-04-04 10:33:33,2020-04-04 23:23:28,Clouds,broken clouds
2020-04-04 14:50:00,57.5,0.0,0.0,2.605,149.5,50.5,1016.5,56.085,50.2,60.405,51.01,Prospect Park,2020-04-04 10:33:33,2020-04-04 23:23:28,Clouds,scattered clouds
2020-04-04 15:05:00,75.0,0.0,0.0,2.6,260.0,51.0,1017.0,56.53,50.77,61.0,51.01,Prospect Park,2020-04-04 10:33:33,2020-04-04 23:23:28,Clouds,broken clouds
2020-04-04 15:20:00,38.0,0.0,0.0,2.05,245.0,49.5,1016.5,56.585,51.395,60.9,51.504999999999995,Prospect Park,2020-04-04 10:33:33,2020-04-04 23:23:28,Clouds,clear sky
2020-04-04 15:35:00,1.0,0.0,0.0,1.5,230.0,48.0,1016.0,56.64,52.02,60.8,52.0,Prospect Park,2020-04-04 10:33:33,2020-04-04 23:23:28,Clear,clear sky
2020-04-04 15:50:00,1.0,0.0,0.0,1.5,230.0,48.0,1016.0,57.795,53.36,62.01,52.504999999999995,Prospect Park,2020-04-04 10:33:33,2020-04-04 23:23:28,Clear,clear sky
2020-04-04 16:05:00,1.0,0.0,0.0,1.5,230.0,48.0,1016.0,58.26,53.91,62.6,52.0,Prospect Park,2020-04-04 10:33:33,2020-04-04 23:23:28,Clear,clear sky
2020-04-04 16:20:00,1.0,0.0,0.0,2.55,235.0,51.0,1016.0,58.325,52.955,62.6,52.504999999999995,Prospect Park,2020-04-04 10:33:33,2020-04-04 23:23:28,Clear,clear sky
2020-04-04 16:35:00,1.0,0.0,0.0,3.6,240.0,54.0,1016.0,58.39,52.0,62.6,53.01,Prospect Park,2020-04-04 10:33:33,2020-04-04 23:23:28,Clear,clear sky
2020-04-04 16:50:00,1.0,0.0,0.0,3.6,240.0,54.0,1016.0,58.34,51.935,62.6,52.504999999999995,Prospect Park,2020-04-04 10:33:33,2020-04-04 23:23:28,Clear,clear sky
2020-04-04 17:05:00,1.0,0.0,0.0,3.6,240.0,54.0,1016.0,58.08,51.62,62.6,51.8,Prospect Park,2020-04-04 10:33:33,2020-04-04 23:23:28,Clear,clear sky
2020-04-04 17:20:00,20.5,0.0,0.0,3.8499999999999996,230.0,52.5,1016.0,57.650000000000006,50.655,62.6,51.01,Prospect Park,2020-04-04 10:33:33,2020-04-04 23:23:28,Clouds,scattered clouds
2020-04-04 17:35:00,40.0,0.0,0.0,4.1,220.0,51.0,1016.0,57.2,49.68,62.6,50.0,Prospect Park,2020-04-04 10:33:33,2020-04-04 23:23:28,Clouds,scattered clouds
2020-04-04 17:50:00,40.0,0.0,0.0,4.1,220.0,51.0,1016.0,56.84,49.245000000000005,62.6,48.99,Prospect Park,2020-04-04 10:33:33,2020-04-04 23:23:28,Clouds,scattered clouds
2020-04-04 18:05:00,40.0,0.0,0.0,4.1,220.0,51.0,1016.0,56.17,48.47,61.0,48.0,Prospect Park,2020-04-04 10:33:33,2020-04-04 23:23:28,Clouds,scattered clouds
2020-04-04 18:20:00,65.0,0.0,0.0,3.0999999999999996,225.0,54.5,1016.0,55.75,49.55,61.504999999999995,46.99,Prospect Park,2020-04-04 10:33:33,2020-04-04 23:23:28,Clouds,scattered clouds
2020-04-04 18:35:00,90.0,0.0,0.0,2.1,230.0,58.0,1016.0,54.27,49.37,60.8,46.0,Prospect Park,2020-04-04 10:33:33,2020-04-04 23:23:28,Clouds,overcast clouds
2020-04-04 18:50:00,90.0,0.0,0.0,2.1,230.0,58.0,1016.0,53.900000000000006,48.93,60.8,45.5,Prospect Park,2020-04-04 10:33:33,2020-04-04 23:23:28,Clouds,overcast clouds
2020-04-04 19:05:00,90.0,0.0,0.0,2.1,230.0,58.0,1016.0,52.93,47.8,60.8,45.0,Prospect Park,2020-04-04 10:33:33,2020-04-04 23:23:28,Clouds,overcast clouds
2020-04-04 19:20:00,82.5,0.0,0.0,2.6,175.0,62.0,1016.0,52.66,47.17,60.8,45.0,Prospect Park,2020-04-04 10:33:33,2020-04-04 23:23:28,Clouds,overcast clouds
2020-04-04 19:35:00,75.0,0.0,0.0,3.1,120.0,66.0,1016.0,51.69,45.7,60.01,45.0,Prospect Park,2020-04-04 10:33:33,2020-04-04 23:23:28,Clouds,broken clouds
2020-04-04 19:50:00,75.0,0.0,0.0,3.1,120.0,66.0,1016.0,51.125,45.03,59.0,44.01,Prospect Park,2020-04-04 10:33:33,2020-04-04 23:23:28,Clouds,broken clouds
2020-04-04 20:05:00,75.0,0.0,0.0,3.1,120.0,66.0,1016.0,50.58,44.38,59.0,44.01,Prospect Park,2020-04-04 10:33:33,2020-04-04 23:23:28,Clouds,broken clouds
2020-04-04 20:20:00,82.5,0.0,0.0,3.5999999999999996,135.0,71.0,1016.5,50.155,43.620000000000005,57.2,44.01,Prospect Park,2020-04-04 10:33:33,2020-04-04 23:23:28,Clouds,overcast clouds
2020-04-04 20:35:00,90.0,0.0,0.0,4.1,150.0,76.0,1017.0,50.02,43.2,57.2,44.01,Prospect Park,2020-04-04 10:33:33,2020-04-04 23:23:28,Clouds,overcast clouds
2020-04-04 20:50:00,90.0,0.0,0.0,4.1,150.0,76.0,1017.0,49.325,42.36,56.495000000000005,44.01,Prospect Park,2020-04-04 10:33:33,2020-04-04 23:23:28,Clouds,overcast clouds
2020-04-04 21:05:00,90.0,0.0,0.0,4.1,150.0,76.0,1017.0,49.28,42.3,55.99,43.0,Prospect Park,2020-04-04 10:33:33,2020-04-04 23:23:28,Clouds,overcast clouds
2020-04-04 21:20:00,90.0,0.0,0.0,4.1,150.0,76.0,1017.0,48.9,41.85,55.99,43.0,Prospect Park,2020-04-04 10:33:33,2020-04-04 23:23:28,Clouds,overcast clouds
2020-04-04 21:35:00,90.0,0.0,0.0,2.1,120.0,76.0,1017.0,48.18,43.5,54.0,43.0,Prospect Park,2020-04-04 10:33:33,2020-04-04 23:23:28,Clouds,overcast clouds
2020-04-04 21:50:00,90.0,0.0,0.0,2.1,120.0,76.0,1017.0,48.11,43.425,54.0,43.0,Prospect Park,2020-04-04 10:33:33,2020-04-04 23:23:28,Clouds,overcast clouds
2020-04-04 22:05:00,90.0,0.0,0.0,2.1,120.0,76.0,1017.0,47.82,43.07,53.01,43.0,Prospect Park,2020-04-04 10:33:33,2020-04-04 23:23:28,Clouds,overcast clouds
2020-04-04 22:20:00,90.0,0.0,0.0,2.1,140.0,78.5,1017.5,47.765,43.18,53.01,43.0,Prospect Park,2020-04-04 10:33:33,2020-04-04 23:23:28,Clouds,overcast clouds
2020-04-04 22:35:00,90.0,0.0,0.0,2.1,160.0,81.0,1018.0,47.71,43.29,53.01,43.0,Prospect Park,2020-04-04 10:33:33,2020-04-04 23:23:28,Clouds,overcast clouds
2020-04-04 22:50:00,90.0,0.0,0.0,2.1,160.0,81.0,1018.0,47.47,42.99,52.0,43.0,Prospect Park,2020-04-04 10:33:33,2020-04-04 23:23:28,Clouds,overcast clouds
2020-04-04 23:05:00,90.0,0.0,0.0,2.1,160.0,81.0,1018.0,47.32,42.8,51.8,43.0,Prospect Park,2020-04-04 10:33:33,2020-04-04 23:23:28,Clouds,overcast clouds
2020-04-04 23:20:00,90.0,0.0,0.0,3.4450000000000003,175.5,81.0,1018.0,47.31,41.099999999999994,51.405,43.0,Prospect Park,2020-04-04 10:33:33,2020-04-04 23:23:28,Clouds,overcast clouds
2020-04-04 23:35:00,90.0,0.0,0.0,4.79,191.0,81.0,1018.0,47.17,39.25,51.01,43.0,Prospect Park,2020-04-04 10:33:33,2020-04-04 23:23:28,Clouds,overcast clouds
2020-04-04 23:50:00,90.0,0.0,0.0,4.79,191.0,81.0,1018.0,47.07,39.11,50.0,43.0,Prospect Park,2020-04-05 10:31:56,2020-04-05 23:24:30,Clouds,overcast clouds
2020-04-05 00:05:00,90.0,0.0,0.0,4.79,191.0,81.0,1018.0,47.07,39.11,50.0,43.0,Prospect Park,2020-04-05 10:31:56,2020-04-05 23:24:30,Clouds,overcast clouds
2020-04-05 00:20:00,90.0,0.0,0.0,3.4450000000000003,220.5,81.0,1018.0,46.87,40.57,50.0,43.0,Prospect Park,2020-04-05 10:31:56,2020-04-05 23:24:30,Clouds,overcast clouds
2020-04-05 00:35:00,90.0,0.0,0.0,2.1,250.0,81.0,1018.0,46.74,42.12,50.0,43.0,Prospect Park,2020-04-05 10:31:56,2020-04-05 23:24:30,Clouds,overcast clouds
2020-04-05 00:50:00,90.0,0.0,0.0,2.1,250.0,81.0,1018.0,46.68,42.035,50.0,43.0,Prospect Park,2020-04-05 10:31:56,2020-04-05 23:24:30,Clouds,overcast clouds
2020-04-05 01:05:00,90.0,0.0,0.0,2.1,250.0,81.0,1018.0,46.56,41.9,50.0,42.8,Prospect Park,2020-04-05 10:31:56,2020-04-05 23:24:30,Clouds,overcast clouds
2020-04-05 01:20:00,90.0,0.0,0.0,1.8,260.0,81.0,1018.0,46.39,42.08,49.495000000000005,42.8,Prospect Park,2020-04-05 10:31:56,2020-04-05 23:24:30,Clouds,overcast clouds
2020-04-05 01:35:00,90.0,0.0,0.0,1.5,270.0,81.0,1018.0,46.33,42.39,48.99,42.8,Prospect Park,2020-04-05 10:31:56,2020-04-05 23:24:30,Clouds,overcast clouds
2020-04-05 01:50:00,90.0,0.0,0.0,1.5,270.0,81.0,1018.0,46.185,42.205,48.99,42.8,Prospect Park,2020-04-05 10:31:56,2020-04-05 23:24:30,Clouds,overcast clouds
2020-04-05 02:05:00,90.0,0.0,0.0,1.5,270.0,81.0,1018.0,46.04,42.03,48.99,42.8,Prospect Park,2020-04-05 10:31:56,2020-04-05 23:24:30,Clouds,overcast clouds
2020-04-05 02:20:00,90.0,0.0,0.0,2.665,233.5,81.0,1017.5,45.91,40.415000000000006,48.99,42.8,Prospect Park,2020-04-05 10:31:56,2020-04-05 23:24:30,Clouds,overcast clouds
2020-04-05 02:35:00,90.0,0.0,0.0,3.83,197.0,81.0,1017.0,45.91,38.95,48.99,42.8,Prospect Park,2020-04-05 10:31:56,2020-04-05 23:24:30,Clouds,overcast clouds
2020-04-05 02:50:00,90.0,0.0,0.0,3.83,197.0,81.0,1017.0,45.76,38.765,48.99,42.8,Prospect Park,2020-04-05 10:31:56,2020-04-05 23:24:30,Clouds,overcast clouds
2020-04-05 03:05:00,90.0,0.0,0.0,3.83,197.0,81.0,1017.0,45.64,38.62,48.2,42.8,Prospect Park,2020-04-05 10:31:56,2020-04-05 23:24:30,Clouds,overcast clouds
2020-04-05 03:20:00,45.5,0.0,0.0,2.965,208.5,84.0,1017.0,45.49,39.72,48.2,42.8,Prospect Park,2020-04-05 10:31:56,2020-04-05 23:24:30,Clouds,overcast clouds
2020-04-05 03:35:00,1.0,0.0,0.0,2.1,220.0,87.0,1017.0,45.45,40.95,48.2,42.8,Prospect Park,2020-04-05 10:31:56,2020-04-05 23:24:30,Clear,clear sky
2020-04-05 03:50:00,1.0,0.0,0.0,2.1,220.0,87.0,1017.0,45.355000000000004,40.825,48.2,42.405,Prospect Park,2020-04-05 10:31:56,2020-04-05 23:24:30,Clear,clear sky
2020-04-05 04:05:00,1.0,0.0,0.0,2.1,220.0,87.0,1017.0,45.39,40.87,48.2,42.8,Prospect Park,2020-04-05 10:31:56,2020-04-05 23:24:30,Clear,clear sky
2020-04-05 04:20:00,1.0,0.0,0.0,2.35,225.0,87.0,1017.0,45.29,40.445,48.2,42.01,Prospect Park,2020-04-05 10:31:56,2020-04-05 23:24:30,Clear,clear sky
2020-04-05 04:35:00,1.0,0.0,0.0,2.6,230.0,87.0,1017.0,45.27,40.1,48.2,42.01,Prospect Park,2020-04-05 10:31:56,2020-04-05 23:24:30,Clear,clear sky
2020-04-05 04:50:00,1.0,0.0,0.0,2.6,230.0,87.0,1017.0,45.22,40.04,48.2,42.01,Prospect Park,2020-04-05 10:31:56,2020-04-05 23:24:30,Clear,clear sky
2020-04-05 05:05:00,1.0,0.0,0.0,2.6,230.0,87.0,1017.0,45.28,40.12,48.0,42.01,Prospect Park,2020-04-05 10:31:56,2020-04-05 23:24:30,Clear,clear sky
2020-04-05 05:20:00,1.0,0.0,0.0,2.6,230.0,87.0,1017.0,45.21,40.03,48.0,42.01,Prospect Park,2020-04-05 10:31:56,2020-04-05 23:24:30,Clear,clear sky
2020-04-05 05:35:00,75.0,0.0,0.0,3.22,231.0,87.0,1017.0,45.23,39.27,48.0,42.01,Prospect Park,2020-04-05 10:31:56,2020-04-05 23:24:30,Clouds,broken clouds
2020-04-05 05:50:00,75.0,0.0,0.0,3.22,231.0,87.0,1017.0,45.230000000000004,39.269999999999996,48.0,42.01,Prospect Park,2020-04-05 10:31:56,2020-04-05 23:24:30,Clouds,broken clouds
2020-04-05 06:05:00,75.0,0.0,0.0,3.22,231.0,87.0,1017.0,45.3,39.36,48.2,42.01,Prospect Park,2020-04-05 10:31:56,2020-04-05 23:24:30,Clouds,broken clouds
2020-04-05 06:20:00,82.5,0.0,0.0,3.01,240.0,87.0,1017.0,45.31,39.629999999999995,48.2,42.01,Prospect Park,2020-04-05 10:31:56,2020-04-05 23:24:30,Clouds,overcast clouds
2020-04-05 06:35:00,90.0,0.0,0.0,2.8,249.0,87.0,1017.0,45.36,39.96,48.2,42.01,Prospect Park,2020-04-05 10:31:56,2020-04-05 23:24:30,Clouds,overcast clouds
2020-04-05 06:50:00,90.0,0.0,0.0,2.8,249.0,87.0,1017.0,45.435,40.045,48.2,42.8,Prospect Park,2020-04-05 10:31:56,2020-04-05 23:24:30,Clouds,overcast clouds
2020-04-05 07:05:00,90.0,0.0,0.0,2.8,249.0,87.0,1017.0,45.55,40.19,48.2,42.8,Prospect Park,2020-04-05 10:31:56,2020-04-05 23:24:30,Clouds,overcast clouds
2020-04-05 07:20:00,90.0,0.0,0.0,2.15,259.5,87.0,1017.5,45.705,41.19,48.595,42.9,Prospect Park,2020-04-05 10:31:56,2020-04-05 23:24:30,Clouds,overcast clouds
2020-04-05 07:35:00,90.0,0.0,0.0,1.5,270.0,87.0,1018.0,46.08,42.46,48.99,43.0,Prospect Park,2020-04-05 10:31:56,2020-04-05 23:24:30,Clouds,overcast clouds
2020-04-05 07:50:00,90.0,0.0,0.0,1.5,270.0,87.0,1018.0,46.4,42.845,49.495000000000005,43.504999999999995,Prospect Park,2020-04-05 10:31:56,2020-04-05 23:24:30,Clouds,overcast clouds
2020-04-05 08:05:00,90.0,0.0,0.0,1.5,270.0,87.0,1018.0,46.72,43.23,50.0,44.01,Prospect Park,2020-04-05 10:31:56,2020-04-05 23:24:30,Clouds,overcast clouds
2020-04-05 08:20:00,65.0,0.0,0.0,2.15,259.5,87.0,1018.0,47.55,43.42,51.01,44.01,Prospect Park,2020-04-05 10:31:56,2020-04-05 23:24:30,Clouds,scattered clouds
2020-04-05 08:35:00,40.0,0.0,0.0,2.8,249.0,87.0,1018.0,47.97,43.11,51.8,44.6,Prospect Park,2020-04-05 10:31:56,2020-04-05 23:24:30,Clouds,scattered clouds
2020-04-05 08:50:00,40.0,0.0,0.0,2.8,249.0,87.0,1018.0,48.4,43.65,52.0,44.6,Prospect Park,2020-04-05 10:31:56,2020-04-05 23:24:30,Clouds,scattered clouds
2020-04-05 09:05:00,40.0,0.0,0.0,2.52,247.0,87.0,1018.0,49.12,44.87,53.6,44.6,Prospect Park,2020-04-05 10:31:56,2020-04-05 23:24:30,Clouds,scattered clouds
2020-04-05 09:20:00,57.5,0.0,0.0,2.715,248.5,81.5,1018.0,49.39,44.565,53.6,45.3,Prospect Park,2020-04-05 10:31:56,2020-04-05 23:24:30,Clouds,scattered clouds
2020-04-05 09:35:00,75.0,0.0,0.0,2.91,250.0,76.0,1018.0,49.66,44.26,53.6,46.0,Prospect Park,2020-04-05 10:31:56,2020-04-05 23:24:30,Clouds,broken clouds
2020-04-05 09:50:00,75.0,0.0,0.0,2.91,250.0,76.0,1018.0,50.965,45.835,55.0,46.695,Prospect Park,2020-04-05 10:31:56,2020-04-05 23:24:30,Clouds,broken clouds
2020-04-05 10:05:00,75.0,0.0,0.0,2.91,250.0,76.0,1018.0,51.08,45.97,55.0,46.99,Prospect Park,2020-04-05 10:31:56,2020-04-05 23:24:30,Clouds,broken clouds
2020-04-05 10:20:00,82.5,0.0,0.0,2.755,260.0,76.0,1018.5,51.9,47.165,55.99,48.0,Prospect Park,2020-04-05 10:31:56,2020-04-05 23:24:30,Clouds,overcast clouds
2020-04-05 10:35:00,90.0,0.0,0.0,2.6,270.0,76.0,1019.0,52.48,48.07,57.0,48.0,Prospect Park,2020-04-05 10:31:56,2020-04-05 23:24:30,Clouds,overcast clouds
2020-04-05 10:50:00,90.0,0.0,0.0,2.6,270.0,76.0,1019.0,52.71,48.35,57.0,48.0,Prospect Park,2020-04-05 10:31:56,2020-04-05 23:24:30,Clouds,overcast clouds
2020-04-05 11:05:00,90.0,0.0,0.0,2.6,270.0,76.0,1019.0,52.79,48.45,57.0,48.0,Prospect Park,2020-04-05 10:31:56,2020-04-05 23:24:30,Clouds,overcast clouds
2020-04-05 11:20:00,90.0,0.0,0.0,2.05,265.0,78.5,1019.0,53.724999999999994,50.5,58.495000000000005,48.99,Prospect Park,2020-04-05 10:31:56,2020-04-05 23:24:30,Clouds,overcast clouds
2020-04-05 11:35:00,90.0,0.0,0.0,1.5,260.0,81.0,1019.0,54.3,52.12,60.01,48.99,Prospect Park,2020-04-05 10:31:56,2020-04-05 23:24:30,Clouds,overcast clouds
2020-04-05 11:50:00,90.0,0.0,0.0,1.5,260.0,81.0,1019.0,54.614999999999995,52.510000000000005,60.504999999999995,48.99,Prospect Park,2020-04-05 10:31:56,2020-04-05 23:24:30,Clouds,overcast clouds
2020-04-05 12:05:00,90.0,0.0,0.0,1.5,260.0,81.0,1019.0,54.75,52.68,61.0,48.99,Prospect Park,2020-04-05 10:31:56,2020-04-05 23:24:30,Clouds,overcast clouds
2020-04-05 12:20:00,90.0,0.0,0.0,1.5,265.0,78.5,1018.5,56.075,54.125,62.504999999999995,50.0,Prospect Park,2020-04-05 10:31:56,2020-04-05 23:24:30,Clouds,overcast clouds
2020-04-05 12:35:00,90.0,0.0,0.0,1.5,270.0,76.0,1018.0,56.79,54.79,64.0,50.0,Prospect Park,2020-04-05 10:31:56,2020-04-05 23:24:30,Clouds,overcast clouds
2020-04-05 12:50:00,90.0,0.0,0.0,1.5,270.0,76.0,1018.0,57.425,55.595,64.495,50.0,Prospect Park,2020-04-05 10:31:56,2020-04-05 23:24:30,Clouds,overcast clouds
2020-04-05 13:05:00,90.0,0.0,0.0,1.5,270.0,76.0,1018.0,57.61,55.83,64.99,50.0,Prospect Park,2020-04-05 10:31:56,2020-04-05 23:24:30,Clouds,overcast clouds
2020-04-05 13:20:00,90.0,0.0,0.0,1.5,270.0,76.0,1018.0,58.64,57.13,66.0,51.01,Prospect Park,2020-04-05 10:31:56,2020-04-05 23:24:30,Clouds,overcast clouds
2020-04-05 13:35:00,90.0,0.0,0.0,2.1,260.0,71.0,1018.0,59.43,56.88,66.99,51.01,Prospect Park,2020-04-05 10:31:56,2020-04-05 23:24:30,Clouds,overcast clouds
2020-04-05 13:50:00,90.0,0.0,0.0,2.1,260.0,71.0,1018.0,60.15,57.78,66.0,52.0,Prospect Park,2020-04-05 10:31:56,2020-04-05 23:24:30,Clouds,overcast clouds
2020-04-05 14:05:00,90.0,0.0,0.0,2.1,260.0,71.0,1018.0,60.78,58.59,66.99,52.0,Prospect Park,2020-04-05 10:31:56,2020-04-05 23:24:30,Clouds,overcast clouds
2020-04-05 14:20:00,45.5,0.0,0.0,2.35,260.0,65.0,1017.5,61.15,58.085,66.99,53.01,Prospect Park,2020-04-05 10:31:56,2020-04-05 23:24:30,Clouds,overcast clouds
2020-04-05 14:35:00,1.0,0.0,0.0,2.6,260.0,59.0,1017.0,62.02,58.19,66.99,54.0,Prospect Park,2020-04-05 10:31:56,2020-04-05 23:24:30,Clear,clear sky
2020-04-05 14:50:00,1.0,0.0,0.0,2.6,260.0,59.0,1017.0,62.0,58.155,68.395,53.504999999999995,Prospect Park,2020-04-05 10:31:56,2020-04-05 23:24:30,Clear,clear sky
2020-04-05 15:05:00,1.0,0.0,0.0,2.6,260.0,59.0,1017.0,62.22,58.42,69.8,54.0,Prospect Park,2020-04-05 10:31:56,2020-04-05 23:24:30,Clear,clear sky
2020-04-05 15:20:00,20.5,0.0,0.0,2.35,240.0,55.5,1016.5,62.254999999999995,58.385,68.0,54.0,Prospect Park,2020-04-05 10:31:56,2020-04-05 23:24:30,Clouds,scattered clouds
2020-04-05 15:35:00,40.0,0.0,0.0,2.1,220.0,52.0,1016.0,62.22,58.26,68.0,54.0,Prospect Park,2020-04-05 10:31:56,2020-04-05 23:24:30,Clouds,scattered clouds
2020-04-05 15:50:00,40.0,0.0,0.0,2.1,220.0,52.0,1016.0,62.155,58.19,69.01,54.0,Prospect Park,2020-04-05 10:31:56,2020-04-05 23:24:30,Clouds,scattered clouds
2020-04-05 16:05:00,40.0,0.0,0.0,2.1,220.0,52.0,1016.0,62.11,58.14,69.01,54.0,Prospect Park,2020-04-05 10:31:56,2020-04-05 23:24:30,Clouds,scattered clouds
2020-04-05 16:20:00,57.5,0.0,0.0,2.6,180.0,55.5,1016.0,61.675,57.375,69.8,53.01,Prospect Park,2020-04-05 10:31:56,2020-04-05 23:24:30,Clouds,scattered clouds
2020-04-05 16:35:00,75.0,0.0,0.0,3.1,140.0,59.0,1016.0,61.21,56.55,66.99,53.01,Prospect Park,2020-04-05 10:31:56,2020-04-05 23:24:30,Clouds,broken clouds
2020-04-05 16:50:00,75.0,0.0,0.0,3.1,140.0,59.0,1016.0,60.765,56.004999999999995,66.99,51.9,Prospect Park,2020-04-05 10:31:56,2020-04-05 23:24:30,Clouds,broken clouds
2020-04-05 17:05:00,75.0,0.0,0.0,3.1,140.0,59.0,1016.0,59.7,54.72,66.2,51.01,Prospect Park,2020-04-05 10:31:56,2020-04-05 23:24:30,Clouds,broken clouds
2020-04-05 17:20:00,75.0,0.0,0.0,3.1,140.0,59.0,1016.0,59.76,54.77,66.2,51.01,Prospect Park,2020-04-05 10:31:56,2020-04-05 23:24:30,Clouds,broken clouds
2020-04-05 18:20:00,90.0,0.0,0.0,1.94,221.0,71.0,1016.0,58.37,55.74,68.0,48.99,Prospect Park,2020-04-05 10:31:56,2020-04-05 23:24:30,Clouds,overcast clouds
2020-04-05 18:35:00,90.0,0.0,0.0,1.94,221.0,71.0,1016.0,57.52,54.68,66.2,48.99,Prospect Park,2020-04-05 10:31:56,2020-04-05 23:24:30,Clouds,overcast clouds
2020-04-05 18:50:00,90.0,0.0,0.0,1.94,221.0,71.0,1016.0,57.265,54.365,66.2,48.99,Prospect Park,2020-04-05 10:31:56,2020-04-05 23:24:30,Clouds,overcast clouds
2020-04-05 19:05:00,90.0,0.0,0.0,1.94,221.0,71.0,1016.0,57.2,54.28,66.2,48.99,Prospect Park,2020-04-05 10:31:56,2020-04-05 23:24:30,Clouds,overcast clouds
2020-04-05 19:20:00,90.0,0.0,0.0,1.94,221.0,71.0,1016.0,56.55,53.47,64.99,48.0,Prospect Park,2020-04-05 10:31:56,2020-04-05 23:24:30,Clouds,overcast clouds
2020-04-05 20:20:00,75.0,0.0,0.0,3.1,30.0,71.0,1015.0,53.91,48.78,60.8,46.99,Prospect Park,2020-04-05 10:31:56,2020-04-05 23:24:30,Clouds,broken clouds
2020-04-05 20:35:00,75.0,0.0,0.0,3.1,30.0,71.0,1015.0,53.17,47.88,60.01,46.99,Prospect Park,2020-04-05 10:31:56,2020-04-05 23:24:30,Clouds,broken clouds
2020-04-05 20:50:00,75.0,0.0,0.0,3.1,30.0,71.0,1015.0,52.96,47.625,59.0,46.99,Prospect Park,2020-04-05 10:31:56,2020-04-05 23:24:30,Clouds,broken clouds
2020-04-05 21:05:00,75.0,0.0,0.0,3.1,30.0,71.0,1015.0,52.61,47.19,57.99,46.99,Prospect Park,2020-04-05 10:31:56,2020-04-05 23:24:30,Clouds,broken clouds
2020-04-05 21:20:00,75.0,0.0,0.0,3.1,30.0,71.0,1015.0,52.48,47.05,57.2,46.99,Prospect Park,2020-04-05 10:31:56,2020-04-05 23:24:30,Clouds,broken clouds
2020-04-05 21:35:00,40.0,0.0,0.0,3.1,40.0,76.0,1016.0,52.25,47.16,57.2,46.99,Prospect Park,2020-04-05 10:31:56,2020-04-05 23:24:30,Clouds,scattered clouds
2020-04-05 21:50:00,40.0,0.0,0.0,3.1,40.0,76.0,1016.0,52.015,46.870000000000005,57.1,46.99,Prospect Park,2020-04-05 10:31:56,2020-04-05 23:24:30,Clouds,scattered clouds
2020-04-05 22:05:00,40.0,0.0,0.0,3.1,40.0,76.0,1016.0,51.71,46.51,57.0,46.99,Prospect Park,2020-04-05 10:31:56,2020-04-05 23:24:30,Clouds,scattered clouds
2020-04-05 22:20:00,30.0,0.0,0.0,2.85,45.0,78.5,1016.0,51.43,46.67,57.0,46.99,Prospect Park,2020-04-05 10:31:56,2020-04-05 23:24:30,Clouds,scattered clouds
2020-04-05 22:35:00,20.0,0.0,0.0,2.6,50.0,81.0,1016.0,51.13,46.81,55.99,46.0,Prospect Park,2020-04-05 10:31:56,2020-04-05 23:24:30,Clouds,few clouds
2020-04-05 22:50:00,20.0,0.0,0.0,2.6,50.0,81.0,1016.0,51.18,46.86,56.495000000000005,46.0,Prospect Park,2020-04-05 10:31:56,2020-04-05 23:24:30,Clouds,few clouds
2020-04-05 23:05:00,20.0,0.0,0.0,2.6,50.0,81.0,1016.0,50.74,46.33,55.99,46.0,Prospect Park,2020-04-05 10:31:56,2020-04-05 23:24:30,Clouds,few clouds
2020-04-05 23:20:00,20.0,0.0,0.0,2.6,50.0,81.0,1016.0,50.61,46.17,55.99,45.0,Prospect Park,2020-04-05 10:31:56,2020-04-05 23:24:30,Clouds,few clouds
2020-04-05 23:35:00,1.0,0.0,0.0,2.6,40.0,81.0,1016.0,50.94,46.56,57.0,44.6,Prospect Park,2020-04-05 10:31:56,2020-04-05 23:24:30,Clear,clear sky
2020-04-05 23:50:00,1.0,0.0,0.0,2.6,40.0,81.0,1016.0,50.81,46.41,56.495000000000005,44.6,Prospect Park,2020-04-06 10:30:19,2020-04-06 23:25:32,Clear,clear sky
2020-04-06 00:05:00,1.0,0.0,0.0,2.6,40.0,81.0,1016.0,50.68,46.26,55.99,44.6,Prospect Park,2020-04-06 10:30:19,2020-04-06 23:25:32,Clear,clear sky
2020-04-06 00:20:00,1.0,0.0,0.0,2.35,35.0,81.0,1016.0,50.505,46.355000000000004,55.99,44.6,Prospect Park,2020-04-06 10:30:19,2020-04-06 23:25:32,Clear,clear sky
2020-04-06 00:35:00,1.0,0.0,0.0,2.1,30.0,81.0,1016.0,49.69,45.68,55.0,44.01,Prospect Park,2020-04-06 10:30:19,2020-04-06 23:25:32,Clear,clear sky
2020-04-06 00:50:00,1.0,0.0,0.0,2.1,30.0,81.0,1016.0,49.855,45.88,55.0,44.305,Prospect Park,2020-04-06 10:30:19,2020-04-06 23:25:32,Clear,clear sky
2020-04-06 01:05:00,1.0,0.0,0.0,2.1,30.0,81.0,1016.0,49.91,45.95,55.0,44.6,Prospect Park,2020-04-06 10:30:19,2020-04-06 23:25:32,Clear,clear sky
2020-04-06 01:20:00,1.0,0.0,0.0,1.8,30.0,81.0,1016.0,50.040000000000006,46.47,55.495000000000005,44.6,Prospect Park,2020-04-06 10:30:19,2020-04-06 23:25:32,Clear,clear sky
2020-04-06 01:35:00,1.0,0.0,0.0,1.5,30.0,81.0,1016.0,50.05,46.87,55.0,44.6,Prospect Park,2020-04-06 10:30:19,2020-04-06 23:25:32,Clear,clear sky
2020-04-06 01:50:00,1.0,0.0,0.0,1.5,30.0,81.0,1016.0,50.144999999999996,46.985,55.0,46.0,Prospect Park,2020-04-06 10:30:19,2020-04-06 23:25:32,Clear,clear sky
2020-04-06 02:05:00,1.0,0.0,0.0,1.5,30.0,81.0,1016.0,50.11,46.94,55.0,46.0,Prospect Park,2020-04-06 10:30:19,2020-04-06 23:25:32,Clear,clear sky
2020-04-06 02:20:00,38.0,0.0,0.0,3.05,40.0,81.0,1016.0,50.205,45.115,55.0,45.0,Prospect Park,2020-04-06 10:30:19,2020-04-06 23:25:32,Clouds,clear sky
2020-04-06 02:35:00,75.0,0.25,0.0,4.6,50.0,81.0,1016.0,50.02,42.93,55.0,44.6,Prospect Park,2020-04-06 10:30:19,2020-04-06 23:25:32,Rain,light rain
2020-04-06 02:50:00,75.0,0.51,0.0,4.6,50.0,81.0,1016.0,50.010000000000005,42.92,55.0,44.6,Prospect Park,2020-04-06 10:30:19,2020-04-06 23:25:32,Rain,light rain
2020-04-06 03:05:00,75.0,0.51,0.0,4.6,50.0,81.0,1016.0,50.0,42.91,55.0,44.6,Prospect Park,2020-04-06 10:30:19,2020-04-06 23:25:32,Rain,light rain
2020-04-06 03:20:00,82.5,0.63,0.0,3.8499999999999996,50.0,84.0,1016.0,49.65,43.635,54.0,45.0,Prospect Park,2020-04-06 10:30:19,2020-04-06 23:25:32,Rain,light rain
2020-04-06 03:35:00,90.0,0.51,0.0,3.1,50.0,87.0,1016.0,49.51,44.64,54.0,45.0,Prospect Park,2020-04-06 10:30:19,2020-04-06 23:25:32,Rain,light rain
2020-04-06 03:50:00,90.0,0.51,0.0,3.1,50.0,87.0,1016.0,49.43,44.54,54.0,45.0,Prospect Park,2020-04-06 10:30:19,2020-04-06 23:25:32,Rain,light rain
2020-04-06 04:05:00,90.0,0.76,0.0,3.1,50.0,87.0,1016.0,49.28,44.35,53.01,45.0,Prospect Park,2020-04-06 10:30:19,2020-04-06 23:25:32,Rain,light rain
2020-04-06 04:20:00,90.0,0.705,0.0,4.65,45.0,87.0,1015.5,49.08,42.14,53.01,45.0,Prospect Park,2020-04-06 10:30:19,2020-04-06 23:25:32,Rain,light rain
2020-04-06 04:35:00,90.0,0.82,0.0,6.2,40.0,87.0,1015.0,49.06,40.17,53.01,45.0,Prospect Park,2020-04-06 10:30:19,2020-04-06 23:25:32,Rain,light rain
2020-04-06 04:50:00,90.0,1.1400000000000001,0.0,6.2,40.0,87.0,1015.0,48.82,39.875,53.01,45.0,Prospect Park,2020-04-06 10:30:19,2020-04-06 23:25:32,Rain,moderate rain
2020-04-06 05:05:00,90.0,0.25,0.0,6.2,40.0,87.0,1015.0,48.63,39.63,53.01,44.01,Prospect Park,2020-04-06 10:30:19,2020-04-06 23:25:32,Rain,light rain
2020-04-06 05:20:00,90.0,0.25,0.0,4.86,198.5,87.0,1015.5,48.370000000000005,41.01,52.0,44.01,Prospect Park,2020-04-06 10:30:19,2020-04-06 23:25:32,Rain,light rain
2020-04-06 05:35:00,90.0,0.25,0.0,3.52,357.0,87.0,1016.0,48.22,42.51,52.0,44.01,Prospect Park,2020-04-06 10:30:19,2020-04-06 23:25:32,Rain,light rain
2020-04-06 05:50:00,90.0,0.42,0.0,3.52,357.0,87.0,1016.0,48.019999999999996,42.265,52.0,43.0,Prospect Park,2020-04-06 10:30:19,2020-04-06 23:25:32,Rain,light rain
2020-04-06 06:05:00,90.0,0.59,0.0,3.52,357.0,87.0,1016.0,47.98,42.22,52.0,43.0,Prospect Park,2020-04-06 10:30:19,2020-04-06 23:25:32,Rain,light rain
2020-04-06 06:20:00,90.0,1.27,0.0,3.31,213.5,84.0,1016.0,47.81,42.08,51.504999999999995,43.0,Prospect Park,2020-04-06 10:30:19,2020-04-06 23:25:32,Rain,moderate rain
2020-04-06 06:35:00,90.0,1.27,0.0,3.1,70.0,81.0,1016.0,47.53,41.81,51.01,43.0,Prospect Park,2020-04-06 10:30:19,2020-04-06 23:25:32,Rain,moderate rain
2020-04-06 06:50:00,90.0,0.635,0.0,3.1,70.0,81.0,1016.0,47.33,41.56,51.01,42.01,Prospect Park,2020-04-06 10:30:19,2020-04-06 23:25:32,Rain,overcast clouds
2020-04-06 07:05:00,90.0,0.0,0.0,3.1,70.0,81.0,1016.0,47.26,41.49,52.0,42.01,Prospect Park,2020-04-06 10:30:19,2020-04-06 23:25:32,Clouds,overcast clouds
2020-04-06 07:20:00,90.0,0.0,0.0,3.1,70.0,81.0,1016.0,47.26,41.49,52.0,42.01,Prospect Park,2020-04-06 10:30:19,2020-04-06 23:25:32,Clouds,overcast clouds
2020-04-06 08:20:00,90.0,0.0,0.0,2.1,270.0,76.0,1018.0,49.01,44.49,52.0,45.0,Prospect Park,2020-04-06 10:30:19,2020-04-06 23:25:32,Clouds,overcast clouds
2020-04-06 08:35:00,90.0,0.0,0.0,2.1,270.0,76.0,1018.0,49.42,45.0,52.0,46.0,Prospect Park,2020-04-06 10:30:19,2020-04-06 23:25:32,Clouds,overcast clouds
2020-04-06 08:50:00,90.0,0.0,0.0,2.1,270.0,76.0,1018.0,49.985,45.67,53.01,46.495000000000005,Prospect Park,2020-04-06 10:30:19,2020-04-06 23:25:32,Clouds,overcast clouds
2020-04-06 09:05:00,90.0,0.0,0.0,2.1,270.0,76.0,1018.0,50.13,45.84,53.01,46.99,Prospect Park,2020-04-06 10:30:19,2020-04-06 23:25:32,Clouds,overcast clouds
2020-04-06 09:20:00,90.0,0.0,0.0,2.1,270.0,76.0,1018.0,51.08,46.99,54.0,48.0,Prospect Park,2020-04-06 10:30:19,2020-04-06 23:25:32,Clouds,overcast clouds
2020-04-06 13:20:00,1.0,0.0,0.0,3.6,170.0,36.0,1017.0,60.57,52.68,64.0,57.0,Prospect Park,2020-04-06 10:30:19,2020-04-06 23:25:32,Clear,clear sky
2020-04-06 13:35:00,1.0,0.0,0.0,3.6,170.0,36.0,1017.0,60.57,52.68,64.0,57.0,Prospect Park,2020-04-06 10:30:19,2020-04-06 23:25:32,Clear,clear sky
2020-04-06 13:50:00,1.0,0.0,0.0,3.6,170.0,36.0,1017.0,60.945,53.105000000000004,64.0,57.0,Prospect Park,2020-04-06 10:30:19,2020-04-06 23:25:32,Clear,clear sky
2020-04-06 14:05:00,1.0,0.0,0.0,3.6,170.0,36.0,1017.0,61.38,53.6,64.99,57.0,Prospect Park,2020-04-06 10:30:19,2020-04-06 23:25:32,Clear,clear sky
2020-04-06 14:20:00,1.0,0.0,0.0,3.6,170.0,36.0,1017.0,61.74,54.01,64.99,57.99,Prospect Park,2020-04-06 10:30:19,2020-04-06 23:25:32,Clear,clear sky
2020-04-06 15:20:00,1.0,0.0,0.0,5.7,240.0,27.0,1015.0,63.52,52.34,66.99,59.0,Prospect Park,2020-04-06 10:30:19,2020-04-06 23:25:32,Clear,clear sky
2020-04-06 15:35:00,1.0,0.0,0.0,5.7,240.0,27.0,1015.0,63.7,52.54,66.99,59.0,Prospect Park,2020-04-06 10:30:19,2020-04-06 23:25:32,Clear,clear sky
2020-04-06 15:50:00,1.0,0.0,0.0,5.7,240.0,27.0,1015.0,64.03999999999999,52.925,67.495,60.01,Prospect Park,2020-04-06 10:30:19,2020-04-06 23:25:32,Clear,clear sky
2020-04-06 16:05:00,1.0,0.0,0.0,5.7,240.0,27.0,1015.0,64.11,53.01,68.0,60.01,Prospect Park,2020-04-06 10:30:19,2020-04-06 23:25:32,Clear,clear sky
2020-04-06 16:20:00,1.0,0.0,0.0,4.15,230.0,30.5,1015.0,64.43,55.735,68.0,60.01,Prospect Park,2020-04-06 10:30:19,2020-04-06 23:25:32,Clear,clear sky
2020-04-06 16:35:00,1.0,0.0,0.0,2.6,220.0,34.0,1015.0,64.56,58.26,68.0,60.01,Prospect Park,2020-04-06 10:30:19,2020-04-06 23:25:32,Clear,clear sky
2020-04-06 16:50:00,1.0,0.0,0.0,2.6,220.0,34.0,1015.0,64.545,58.245000000000005,68.0,60.01,Prospect Park,2020-04-06 10:30:19,2020-04-06 23:25:32,Clear,clear sky
2020-04-06 17:05:00,1.0,0.0,0.0,2.6,220.0,34.0,1015.0,64.62,58.33,68.0,60.01,Prospect Park,2020-04-06 10:30:19,2020-04-06 23:25:32,Clear,clear sky
2020-04-06 17:20:00,1.0,0.0,0.0,2.6,220.0,34.0,1015.0,64.56,58.26,68.0,60.01,Prospect Park,2020-04-06 10:30:19,2020-04-06 23:25:32,Clear,clear sky
2020-04-06 19:20:00,1.0,0.0,0.0,3.6,220.0,36.0,1014.0,58.93,50.83,64.4,50.0,Prospect Park,2020-04-06 10:30:19,2020-04-06 23:25:32,Clear,clear sky
2020-04-06 19:35:00,1.0,0.0,0.0,3.6,220.0,36.0,1014.0,58.46,50.29,64.4,50.0,Prospect Park,2020-04-06 10:30:19,2020-04-06 23:25:32,Clear,clear sky
2020-04-06 19:50:00,1.0,0.0,0.0,3.6,220.0,36.0,1014.0,57.56,49.28,64.4,48.99,Prospect Park,2020-04-06 10:30:19,2020-04-06 23:25:32,Clear,clear sky
2020-04-06 20:05:00,1.0,0.0,0.0,3.6,220.0,36.0,1014.0,56.97,48.61,64.4,48.99,Prospect Park,2020-04-06 10:30:19,2020-04-06 23:25:32,Clear,clear sky
2020-04-06 20:20:00,1.0,0.0,0.0,2.33,251.5,30.5,1014.0,56.41,49.08,62.8,48.99,Prospect Park,2020-04-06 10:30:19,2020-04-06 23:25:32,Clear,clear sky
2020-04-06 20:35:00,1.0,0.0,0.0,1.51,317.0,25.0,1014.0,55.92,49.08,62.6,48.99,Prospect Park,2020-04-06 10:30:19,2020-04-06 23:25:32,Clear,clear sky
2020-04-06 20:50:00,1.0,0.0,0.0,1.2850000000000001,300.0,25.0,1014.0,55.655,49.075,62.6,48.0,Prospect Park,2020-04-06 10:30:19,2020-04-06 23:25:32,Clear,clear sky
2020-04-06 21:05:00,1.0,0.0,0.0,1.06,283.0,25.0,1014.0,55.6,49.3,62.6,48.0,Prospect Park,2020-04-06 10:30:19,2020-04-06 23:25:32,Clear,clear sky
2020-04-06 21:20:00,1.0,0.0,0.0,3.68,327.0,26.0,1015.0,54.64,45.05,61.0,48.0,Prospect Park,2020-04-06 10:30:19,2020-04-06 23:25:32,Clear,clear sky
2020-04-06 21:35:00,1.0,0.0,0.0,3.68,327.0,26.0,1015.0,54.07,44.44,61.0,46.99,Prospect Park,2020-04-06 10:30:19,2020-04-06 23:25:32,Clear,clear sky
2020-04-06 21:50:00,1.0,0.0,0.0,3.68,327.0,26.0,1015.0,53.620000000000005,43.94,60.9,46.495000000000005,Prospect Park,2020-04-06 10:30:19,2020-04-06 23:25:32,Clear,clear sky
2020-04-06 22:50:00,20.0,0.0,0.0,4.6,320.0,30.0,1015.0,52.07,41.43,59.0,44.01,Prospect Park,2020-04-06 10:30:19,2020-04-06 23:25:32,Clouds,few clouds
2020-04-06 23:20:00,1.0,0.0,0.0,3.68,327.0,30.0,1015.0,51.44,41.9,57.99,42.8,Prospect Park,2020-04-06 10:30:19,2020-04-06 23:25:32,Clear,clear sky
2020-04-06 23:35:00,1.0,0.0,0.0,3.68,327.0,30.0,1015.0,51.28,41.74,57.99,43.0,Prospect Park,2020-04-06 10:30:19,2020-04-06 23:25:32,Clear,clear sky
2020-04-06 23:50:00,1.0,0.0,0.0,3.68,327.0,30.0,1015.0,51.114999999999995,41.55500000000001,57.99,42.504999999999995,Prospect Park,2020-04-07 10:28:42,2020-04-07 23:26:34,Clear,clear sky
2020-04-07 00:05:00,1.0,0.0,0.0,3.68,327.0,30.0,1015.0,50.97,41.4,57.99,42.01,Prospect Park,2020-04-07 10:28:42,2020-04-07 23:26:34,Clear,clear sky
2020-04-07 00:20:00,1.0,0.0,0.0,3.68,327.0,30.0,1015.0,51.01,41.43,57.99,42.01,Prospect Park,2020-04-07 10:28:42,2020-04-07 23:26:34,Clear,clear sky
2020-04-07 01:35:00,1.0,0.0,0.0,3.07,320.0,26.0,1016.0,50.49,41.34,57.0,42.01,Prospect Park,2020-04-07 10:28:42,2020-04-07 23:26:34,Clear,clear sky
2020-04-07 01:50:00,1.0,0.0,0.0,3.07,320.0,26.0,1016.0,50.504999999999995,41.370000000000005,57.0,42.01,Prospect Park,2020-04-07 10:28:42,2020-04-07 23:26:34,Clear,clear sky
2020-04-07 02:05:00,1.0,0.0,0.0,3.07,320.0,26.0,1016.0,50.58,41.45,57.0,42.01,Prospect Park,2020-04-07 10:28:42,2020-04-07 23:26:34,Clear,clear sky
2020-04-07 02:20:00,1.0,0.0,0.0,2.285,300.0,25.0,1016.0,50.605000000000004,42.385,56.495000000000005,42.8,Prospect Park,2020-04-07 10:28:42,2020-04-07 23:26:34,Clear,clear sky
2020-04-07 02:35:00,1.0,0.0,0.0,1.5,280.0,24.0,1016.0,50.49,43.18,55.99,42.01,Prospect Park,2020-04-07 10:28:42,2020-04-07 23:26:34,Clear,clear sky
2020-04-07 02:50:00,1.0,0.0,0.0,1.5,280.0,24.0,1016.0,50.425,43.115,55.99,42.01,Prospect Park,2020-04-07 10:28:42,2020-04-07 23:26:34,Clear,clear sky
2020-04-07 03:05:00,1.0,0.0,0.0,1.5,280.0,24.0,1016.0,50.43,43.12,55.99,42.01,Prospect Park,2020-04-07 10:28:42,2020-04-07 23:26:34,Clear,clear sky
2020-04-07 03:20:00,38.0,0.0,0.0,1.5,210.0,29.0,1016.0,50.370000000000005,43.42,55.99,42.8,Prospect Park,2020-04-07 10:28:42,2020-04-07 23:26:34,Clouds,clear sky
2020-04-07 03:35:00,75.0,0.0,0.0,1.5,140.0,34.0,1016.0,50.0,43.39,55.4,42.01,Prospect Park,2020-04-07 10:28:42,2020-04-07 23:26:34,Clouds,broken clouds
2020-04-07 03:50:00,75.0,0.0,0.0,1.5,140.0,34.0,1016.0,49.875,43.25,55.2,42.01,Prospect Park,2020-04-07 10:28:42,2020-04-07 23:26:34,Clouds,broken clouds
2020-04-07 04:05:00,75.0,0.0,0.0,1.5,140.0,34.0,1016.0,49.68,43.03,55.0,42.8,Prospect Park,2020-04-07 10:28:42,2020-04-07 23:26:34,Clouds,broken clouds
2020-04-07 04:20:00,57.5,0.0,0.0,1.5,195.0,33.0,1015.5,49.57,42.835,55.0,41.504999999999995,Prospect Park,2020-04-07 10:28:42,2020-04-07 23:26:34,Clouds,scattered clouds
2020-04-07 04:35:00,40.0,0.0,0.0,1.5,250.0,32.0,1015.0,49.48,42.67,55.0,42.01,Prospect Park,2020-04-07 10:28:42,2020-04-07 23:26:34,Clouds,scattered clouds
2020-04-07 04:50:00,40.0,0.0,0.0,1.5,250.0,32.0,1015.0,49.55,42.755,55.0,42.405,Prospect Park,2020-04-07 10:28:42,2020-04-07 23:26:34,Clouds,scattered clouds
2020-04-07 05:05:00,40.0,0.0,0.0,1.5,250.0,32.0,1015.0,49.46,42.66,55.0,41.0,Prospect Park,2020-04-07 10:28:42,2020-04-07 23:26:34,Clouds,scattered clouds
2020-04-07 05:20:00,65.0,0.0,0.0,2.05,250.0,34.5,1015.0,49.370000000000005,42.045,55.0,41.0,Prospect Park,2020-04-07 10:28:42,2020-04-07 23:26:34,Clouds,scattered clouds
2020-04-07 05:35:00,90.0,0.0,0.0,2.6,250.0,37.0,1015.0,49.14,41.27,55.0,42.01,Prospect Park,2020-04-07 10:28:42,2020-04-07 23:26:34,Clouds,overcast clouds
2020-04-07 05:50:00,90.0,0.0,0.0,2.6,250.0,37.0,1015.0,48.965,41.085,54.5,41.0,Prospect Park,2020-04-07 10:28:42,2020-04-07 23:26:34,Clouds,overcast clouds
2020-04-07 06:05:00,90.0,0.0,0.0,2.6,250.0,37.0,1015.0,48.45,40.51,54.0,39.99,Prospect Park,2020-04-07 10:28:42,2020-04-07 23:26:34,Clouds,overcast clouds
2020-04-07 06:20:00,45.5,0.0,0.0,2.35,245.0,38.5,1015.0,48.4,40.875,54.0,40.495000000000005,Prospect Park,2020-04-07 10:28:42,2020-04-07 23:26:34,Clouds,overcast clouds
2020-04-07 06:35:00,1.0,0.0,0.0,2.1,240.0,40.0,1015.0,48.16,41.04,54.0,39.99,Prospect Park,2020-04-07 10:28:42,2020-04-07 23:26:34,Clear,clear sky
2020-04-07 06:50:00,1.0,0.0,0.0,2.1,240.0,40.0,1015.0,48.085,40.945,54.0,39.99,Prospect Park,2020-04-07 10:28:42,2020-04-07 23:26:34,Clear,clear sky
2020-04-07 07:05:00,1.0,0.0,0.0,2.1,240.0,40.0,1015.0,48.27,41.16,54.0,41.0,Prospect Park,2020-04-07 10:28:42,2020-04-07 23:26:34,Clear,clear sky
2020-04-07 07:20:00,1.0,0.0,0.0,2.6,220.0,48.5,1015.5,48.345,41.19,54.0,41.0,Prospect Park,2020-04-07 10:28:42,2020-04-07 23:26:34,Clear,clear sky
2020-04-07 07:35:00,1.0,0.0,0.0,3.1,200.0,57.0,1016.0,48.58,41.41,54.0,41.0,Prospect Park,2020-04-07 10:28:42,2020-04-07 23:26:34,Clear,clear sky
2020-04-07 07:50:00,1.0,0.0,0.0,3.1,200.0,57.0,1016.0,49.209999999999994,42.135,54.0,42.504999999999995,Prospect Park,2020-04-07 10:28:42,2020-04-07 23:26:34,Clear,clear sky
2020-04-07 08:05:00,1.0,0.0,0.0,3.1,200.0,57.0,1016.0,49.48,42.44,54.0,43.0,Prospect Park,2020-04-07 10:28:42,2020-04-07 23:26:34,Clear,clear sky
2020-04-07 08:20:00,1.0,0.0,0.0,2.85,215.0,59.0,1016.0,51.15,44.845,54.5,46.0,Prospect Park,2020-04-07 10:28:42,2020-04-07 23:26:34,Clear,clear sky
2020-04-07 08:35:00,1.0,0.0,0.0,2.6,230.0,61.0,1016.0,52.03,46.35,55.99,46.99,Prospect Park,2020-04-07 10:28:42,2020-04-07 23:26:34,Clear,clear sky
2020-04-07 08:50:00,1.0,0.0,0.0,2.6,230.0,61.0,1016.0,52.68,47.114999999999995,55.99,48.495000000000005,Prospect Park,2020-04-07 10:28:42,2020-04-07 23:26:34,Clear,clear sky
2020-04-07 09:05:00,1.0,0.0,0.0,3.1,250.0,50.0,1016.0,53.47,46.51,55.99,50.0,Prospect Park,2020-04-07 10:28:42,2020-04-07 23:26:34,Clear,clear sky
2020-04-07 09:20:00,1.0,0.0,0.0,3.1,250.0,50.0,1016.0,54.19,47.34,55.99,51.01,Prospect Park,2020-04-07 10:28:42,2020-04-07 23:26:34,Clear,clear sky
2020-04-07 09:35:00,1.0,0.0,0.0,3.1,250.0,50.0,1016.0,54.97,48.24,57.99,51.8,Prospect Park,2020-04-07 10:28:42,2020-04-07 23:26:34,Clear,clear sky
2020-04-07 09:50:00,1.0,0.0,0.0,3.1,250.0,50.0,1016.0,55.53,48.875,58.495000000000005,51.9,Prospect Park,2020-04-07 10:28:42,2020-04-07 23:26:34,Clear,clear sky
2020-04-07 10:05:00,1.0,0.0,0.0,3.1,250.0,50.0,1016.0,55.71,49.08,59.0,52.0,Prospect Park,2020-04-07 10:28:42,2020-04-07 23:26:34,Clear,clear sky
2020-04-07 10:20:00,40.0,0.0,0.0,3.1,240.0,47.0,1016.0,56.795,50.085,59.0,53.8,Prospect Park,2020-04-07 10:28:42,2020-04-07 23:26:34,Clouds,scattered clouds
2020-04-07 10:35:00,40.0,0.0,0.0,3.1,240.0,47.0,1016.0,57.54,50.95,60.01,55.0,Prospect Park,2020-04-07 10:28:42,2020-04-07 23:26:34,Clouds,scattered clouds
2020-04-07 10:50:00,40.0,0.0,0.0,3.1,240.0,47.0,1016.0,58.045,51.53,60.504999999999995,55.0,Prospect Park,2020-04-07 10:28:42,2020-04-07 23:26:34,Clouds,scattered clouds
2020-04-07 11:05:00,40.0,0.0,0.0,2.6,240.0,38.0,1015.0,58.71,52.03,61.0,55.4,Prospect Park,2020-04-07 10:28:42,2020-04-07 23:26:34,Clouds,scattered clouds
2020-04-07 11:20:00,40.0,0.0,0.0,2.6,240.0,38.0,1015.0,59.015,52.385000000000005,61.504999999999995,55.695,Prospect Park,2020-04-07 10:28:42,2020-04-07 23:26:34,Clouds,scattered clouds
2020-04-07 11:35:00,40.0,0.0,0.0,2.6,240.0,38.0,1015.0,59.86,53.35,62.01,57.0,Prospect Park,2020-04-07 10:28:42,2020-04-07 23:26:34,Clouds,scattered clouds
2020-04-07 11:50:00,40.0,0.0,0.0,2.6,240.0,38.0,1015.0,60.44,54.004999999999995,63.5,57.0,Prospect Park,2020-04-07 10:28:42,2020-04-07 23:26:34,Clouds,scattered clouds
2020-04-07 12:05:00,1.0,0.0,0.0,2.6,210.0,38.0,1014.0,61.2,54.88,64.0,57.99,Prospect Park,2020-04-07 10:28:42,2020-04-07 23:26:34,Clear,clear sky
2020-04-07 12:20:00,1.0,0.0,0.0,2.6,210.0,38.0,1014.0,61.510000000000005,55.239999999999995,64.495,57.99,Prospect Park,2020-04-07 10:28:42,2020-04-07 23:26:34,Clear,clear sky
2020-04-07 12:35:00,1.0,0.0,0.0,2.6,210.0,38.0,1014.0,62.31,56.16,64.99,59.0,Prospect Park,2020-04-07 10:28:42,2020-04-07 23:26:34,Clear,clear sky
2020-04-07 12:50:00,1.0,0.0,0.0,2.6,210.0,38.0,1014.0,62.925,56.855,66.0,59.0,Prospect Park,2020-04-07 10:28:42,2020-04-07 23:26:34,Clear,clear sky
2020-04-07 13:05:00,1.0,0.0,0.0,3.21,162.0,29.0,1013.0,63.37,55.54,66.99,59.0,Prospect Park,2020-04-07 10:28:42,2020-04-07 23:26:34,Clear,clear sky
2020-04-07 13:20:00,1.0,0.0,0.0,3.21,162.0,29.0,1013.0,63.525,55.715,66.99,59.0,Prospect Park,2020-04-07 10:28:42,2020-04-07 23:26:34,Clear,clear sky
2020-04-07 13:35:00,1.0,0.0,0.0,3.21,162.0,29.0,1013.0,64.15,56.43,68.0,60.01,Prospect Park,2020-04-07 10:28:42,2020-04-07 23:26:34,Clear,clear sky
2020-04-07 13:50:00,1.0,0.0,0.0,3.21,162.0,29.0,1013.0,64.25,56.53,68.0,60.01,Prospect Park,2020-04-07 10:28:42,2020-04-07 23:26:34,Clear,clear sky
2020-04-07 14:05:00,1.0,0.0,0.0,3.21,162.0,29.0,1013.0,64.67,57.0,68.0,60.8,Prospect Park,2020-04-07 10:28:42,2020-04-07 23:26:34,Clear,clear sky
2020-04-07 14:20:00,1.0,0.0,0.0,3.21,162.0,29.0,1013.0,64.8,57.15,69.01,60.01,Prospect Park,2020-04-07 10:28:42,2020-04-07 23:26:34,Clear,clear sky
2020-04-07 14:35:00,75.0,0.0,0.0,2.6,200.0,29.0,1012.0,64.92,58.06,69.01,60.01,Prospect Park,2020-04-07 10:28:42,2020-04-07 23:26:34,Clouds,broken clouds
2020-04-07 14:50:00,75.0,0.0,0.0,2.6,200.0,29.0,1012.0,64.945,58.095,69.01,60.01,Prospect Park,2020-04-07 10:28:42,2020-04-07 23:26:34,Clouds,broken clouds
2020-04-07 15:05:00,1.0,0.0,0.0,5.1,210.0,31.0,1011.0,65.07,55.33,69.01,60.01,Prospect Park,2020-04-07 10:28:42,2020-04-07 23:26:34,Clear,clear sky
2020-04-07 15:20:00,1.0,0.0,0.0,5.1,210.0,31.0,1011.0,64.87,55.09,69.01,60.01,Prospect Park,2020-04-07 10:28:42,2020-04-07 23:26:34,Clear,clear sky
2020-04-07 15:35:00,1.0,0.0,0.0,5.1,210.0,31.0,1011.0,64.89,55.11,69.01,60.01,Prospect Park,2020-04-07 10:28:42,2020-04-07 23:26:34,Clear,clear sky
2020-04-07 15:50:00,1.0,0.0,0.0,5.1,210.0,31.0,1011.0,64.715,54.925,69.01,60.01,Prospect Park,2020-04-07 10:28:42,2020-04-07 23:26:34,Clear,clear sky
2020-04-07 16:05:00,1.0,0.0,0.0,5.1,210.0,31.0,1011.0,64.35,54.5,69.01,59.0,Prospect Park,2020-04-07 10:28:42,2020-04-07 23:26:34,Clear,clear sky
2020-04-07 16:20:00,1.0,0.0,0.0,5.1,190.0,32.0,1010.5,64.06,54.30500000000001,69.01,59.0,Prospect Park,2020-04-07 10:28:42,2020-04-07 23:26:34,Clear,clear sky
2020-04-07 16:35:00,1.0,0.0,0.0,5.1,170.0,33.0,1010.0,63.97,54.32,69.01,59.0,Prospect Park,2020-04-07 10:28:42,2020-04-07 23:26:34,Clear,clear sky
2020-04-07 16:50:00,1.0,0.0,0.0,5.1,170.0,33.0,1010.0,63.635,53.94,69.01,57.495000000000005,Prospect Park,2020-04-07 10:28:42,2020-04-07 23:26:34,Clear,clear sky
2020-04-07 17:05:00,1.0,0.0,0.0,5.1,170.0,33.0,1010.0,63.3,53.56,68.0,57.0,Prospect Park,2020-04-07 10:28:42,2020-04-07 23:26:34,Clear,clear sky
2020-04-07 17:20:00,1.0,0.0,0.0,5.65,170.0,30.0,1009.5,62.95,52.114999999999995,68.505,57.0,Prospect Park,2020-04-07 10:28:42,2020-04-07 23:26:34,Clear,clear sky
2020-04-07 17:35:00,1.0,0.0,0.0,6.2,170.0,27.0,1009.0,62.37,50.43,68.0,55.99,Prospect Park,2020-04-07 10:28:42,2020-04-07 23:26:34,Clear,clear sky
2020-04-07 17:50:00,1.0,0.0,0.0,6.2,170.0,27.0,1009.0,61.965,49.985,68.505,55.0,Prospect Park,2020-04-07 10:28:42,2020-04-07 23:26:34,Clear,clear sky
2020-04-07 18:05:00,1.0,0.0,0.0,6.2,170.0,27.0,1009.0,61.21,49.15,68.0,54.0,Prospect Park,2020-04-07 10:28:42,2020-04-07 23:26:34,Clear,clear sky
2020-04-07 18:20:00,1.0,0.0,0.0,5.95,170.0,46.0,1008.5,60.879999999999995,51.129999999999995,68.0,53.504999999999995,Prospect Park,2020-04-07 10:28:42,2020-04-07 23:26:34,Clear,clear sky
2020-04-07 18:35:00,1.0,0.0,0.0,5.7,170.0,65.0,1008.0,59.68,52.03,66.2,53.01,Prospect Park,2020-04-07 10:28:42,2020-04-07 23:26:34,Clear,clear sky
2020-04-07 18:50:00,1.0,0.0,0.0,5.7,170.0,65.0,1008.0,59.07,51.275000000000006,66.2,51.9,Prospect Park,2020-04-07 10:28:42,2020-04-07 23:26:34,Clear,clear sky
2020-04-07 19:05:00,1.0,0.0,0.0,5.7,170.0,65.0,1008.0,58.89,51.06,66.2,51.8,Prospect Park,2020-04-07 10:28:42,2020-04-07 23:26:34,Clear,clear sky
2020-04-07 19:20:00,1.0,0.0,0.0,4.4,165.0,56.0,1008.0,57.415000000000006,50.019999999999996,64.695,51.01,Prospect Park,2020-04-07 10:28:42,2020-04-07 23:26:34,Clear,clear sky
2020-04-07 19:35:00,1.0,0.0,0.0,3.1,160.0,47.0,1008.0,56.37,49.59,63.0,51.01,Prospect Park,2020-04-07 10:28:42,2020-04-07 23:26:34,Clear,clear sky
2020-04-07 19:50:00,1.0,0.0,0.0,3.1,160.0,47.0,1008.0,56.12,49.3,63.0,50.504999999999995,Prospect Park,2020-04-07 10:28:42,2020-04-07 23:26:34,Clear,clear sky
2020-04-07 20:05:00,1.0,0.0,0.0,3.1,160.0,47.0,1008.0,55.42,48.49,62.6,48.99,Prospect Park,2020-04-07 10:28:42,2020-04-07 23:26:34,Clear,clear sky
2020-04-07 20:20:00,1.0,0.0,0.0,2.3,85.0,50.5,1008.0,55.03,49.36,61.504999999999995,48.99,Prospect Park,2020-04-07 10:28:42,2020-04-07 23:26:34,Clear,clear sky
2020-04-07 20:35:00,1.0,0.0,0.0,1.5,10.0,54.0,1008.0,54.68,50.27,61.0,50.0,Prospect Park,2020-04-07 10:28:42,2020-04-07 23:26:34,Clear,clear sky
2020-04-07 20:50:00,1.0,0.0,0.0,1.5,10.0,54.0,1008.0,54.32,49.84,60.405,50.0,Prospect Park,2020-04-07 10:28:42,2020-04-07 23:26:34,Clear,clear sky
2020-04-07 21:05:00,1.0,0.0,0.0,1.5,10.0,54.0,1008.0,54.1,49.59,60.01,50.0,Prospect Park,2020-04-07 10:28:42,2020-04-07 23:26:34,Clear,clear sky
2020-04-07 21:20:00,38.0,0.0,0.0,2.78,103.0,58.0,1007.5,53.92,48.099999999999994,59.0,49.495000000000005,Prospect Park,2020-04-07 10:28:42,2020-04-07 23:26:34,Clouds,clear sky
2020-04-07 21:35:00,75.0,0.0,0.0,4.06,196.0,62.0,1007.0,53.92,46.83,59.0,48.99,Prospect Park,2020-04-07 10:28:42,2020-04-07 23:26:34,Clouds,broken clouds
2020-04-07 21:50:00,75.0,0.0,0.0,4.06,196.0,62.0,1007.0,54.085,47.019999999999996,59.0,48.99,Prospect Park,2020-04-07 10:28:42,2020-04-07 23:26:34,Clouds,broken clouds
2020-04-07 22:05:00,75.0,0.0,0.0,4.06,196.0,62.0,1007.0,54.14,47.08,59.0,48.99,Prospect Park,2020-04-07 10:28:42,2020-04-07 23:26:34,Clouds,broken clouds
2020-04-07 22:20:00,75.0,0.0,0.0,4.06,196.0,62.0,1007.0,54.28,47.25,59.0,48.99,Prospect Park,2020-04-07 10:28:42,2020-04-07 23:26:34,Clouds,broken clouds
2020-04-07 22:35:00,90.0,0.0,0.0,2.1,250.0,62.0,1006.0,54.34,49.78,59.0,50.0,Prospect Park,2020-04-07 10:28:42,2020-04-07 23:26:34,Clouds,overcast clouds
2020-04-07 22:50:00,90.0,0.0,0.0,2.1,250.0,62.0,1006.0,54.32,49.765,59.0,50.0,Prospect Park,2020-04-07 10:28:42,2020-04-07 23:26:34,Clouds,overcast clouds
2020-04-07 23:05:00,90.0,0.0,0.0,2.1,250.0,62.0,1006.0,54.18,49.6,57.99,50.0,Prospect Park,2020-04-07 10:28:42,2020-04-07 23:26:34,Clouds,overcast clouds
2020-04-07 23:20:00,90.0,0.0,0.0,2.1,250.0,62.0,1006.0,54.05,49.44,57.99,50.0,Prospect Park,2020-04-07 10:28:42,2020-04-07 23:26:34,Clouds,overcast clouds
2020-04-08 01:20:00,90.0,0.0,0.0,2.1,250.0,67.0,1003.0,53.38,49.06,57.99,48.99,Prospect Park,2020-04-08 10:27:06,2020-04-08 23:27:37,Clouds,overcast clouds
2020-04-08 01:35:00,90.0,0.0,0.0,2.1,250.0,67.0,1003.0,53.38,49.06,57.99,48.99,Prospect Park,2020-04-08 10:27:06,2020-04-08 23:27:37,Clouds,overcast clouds
2020-04-08 01:50:00,90.0,0.0,0.0,2.1,250.0,67.0,1003.0,53.185,48.82,57.595,48.99,Prospect Park,2020-04-08 10:27:06,2020-04-08 23:27:37,Clouds,overcast clouds
2020-04-08 02:05:00,90.0,0.0,0.0,2.1,250.0,67.0,1003.0,53.13,48.76,57.2,48.99,Prospect Park,2020-04-08 10:27:06,2020-04-08 23:27:37,Clouds,overcast clouds
2020-04-08 02:20:00,90.0,0.0,0.0,3.365,239.5,69.0,1002.5,53.040000000000006,47.22,57.2,48.2,Prospect Park,2020-04-08 10:27:06,2020-04-08 23:27:37,Clouds,overcast clouds
2020-04-08 02:35:00,90.0,0.0,0.0,4.63,229.0,71.0,1002.0,53.02,45.77,57.2,48.2,Prospect Park,2020-04-08 10:27:06,2020-04-08 23:27:37,Clouds,overcast clouds
2020-04-08 02:50:00,90.0,0.0,0.0,4.63,229.0,71.0,1002.0,52.935,45.665000000000006,57.2,48.0,Prospect Park,2020-04-08 10:27:06,2020-04-08 23:27:37,Clouds,overcast clouds
2020-04-08 03:05:00,90.0,0.0,0.0,4.63,229.0,71.0,1002.0,52.75,45.45,57.2,48.0,Prospect Park,2020-04-08 10:27:06,2020-04-08 23:27:37,Clouds,overcast clouds
2020-04-08 03:20:00,90.0,0.0,0.0,4.779999999999999,249.5,71.0,1001.0,52.61,45.08,57.2,48.0,Prospect Park,2020-04-08 10:27:06,2020-04-08 23:27:37,Rain,overcast clouds
2020-04-08 03:35:00,90.0,0.0,0.0,1.5,70.0,71.0,1001.0,52.36,48.9,57.0,48.0,Prospect Park,2020-04-08 10:27:06,2020-04-08 23:27:37,Rain,light rain
2020-04-08 03:50:00,90.0,0.255,0.0,1.5,130.0,85.5,1001.0,52.28,49.955,56.495000000000005,48.0,Prospect Park,2020-04-08 10:27:06,2020-04-08 23:27:37,Rain,light rain
2020-04-08 04:05:00,90.0,0.76,0.0,3.28,277.0,81.0,1001.0,52.34,47.44,57.0,48.0,Prospect Park,2020-04-08 10:27:06,2020-04-08 23:27:37,Rain,light rain
2020-04-08 04:20:00,90.0,1.065,0.0,3.28,277.0,81.0,1001.0,52.27,47.349999999999994,56.495000000000005,48.0,Prospect Park,2020-04-08 10:27:06,2020-04-08 23:27:37,Rain,moderate rain
2020-04-08 04:35:00,90.0,1.52,0.0,3.6,270.0,76.0,1001.0,52.2,46.45,55.99,48.0,Prospect Park,2020-04-08 10:27:06,2020-04-08 23:27:37,Rain,moderate rain
2020-04-08 04:50:00,90.0,1.9249999999999998,0.0,2.85,265.0,81.5,1000.5,52.22,47.875,55.99,48.0,Prospect Park,2020-04-08 10:27:06,2020-04-08 23:27:37,Rain,moderate rain
2020-04-08 05:05:00,90.0,2.03,0.0,2.1,260.0,87.0,1000.0,52.23,49.26,55.99,48.0,Prospect Park,2020-04-08 10:27:06,2020-04-08 23:27:37,Rain,moderate rain
2020-04-08 05:20:00,90.0,2.085,0.0,2.35,255.0,87.0,1000.0,52.23,48.945,55.99,48.0,Prospect Park,2020-04-08 10:27:06,2020-04-08 23:27:37,Rain,moderate rain
2020-04-08 05:35:00,90.0,2.18,0.0,2.6,250.0,87.0,1000.0,52.03,48.38,55.99,46.99,Prospect Park,2020-04-08 10:27:06,2020-04-08 23:27:37,Rain,moderate rain
2020-04-08 05:50:00,90.0,2.16,0.0,2.6,250.0,87.0,1000.0,52.015,48.36,55.99,46.99,Prospect Park,2020-04-08 10:27:06,2020-04-08 23:27:37,Rain,moderate rain
2020-04-08 06:05:00,90.0,2.18,0.0,2.6,250.0,87.0,1000.0,52.05,48.42,55.99,46.99,Prospect Park,2020-04-08 10:27:06,2020-04-08 23:27:37,Rain,moderate rain
2020-04-08 06:20:00,82.5,1.71,0.0,3.0700000000000003,284.5,90.0,998.5,52.04,48.05,56.495000000000005,46.99,Prospect Park,2020-04-08 10:27:06,2020-04-08 23:27:37,Rain,moderate rain
2020-04-08 06:35:00,75.0,1.57,0.0,3.54,319.0,93.0,997.0,52.03,47.68,55.99,46.99,Prospect Park,2020-04-08 10:27:06,2020-04-08 23:27:37,Rain,moderate rain
2020-04-08 06:50:00,82.5,1.865,0.0,3.3200000000000003,294.5,90.0,998.0,52.09,47.785,56.495000000000005,46.695,Prospect Park,2020-04-08 10:27:06,2020-04-08 23:27:37,Rain,moderate rain
2020-04-08 07:05:00,90.0,0.25,0.0,3.1,270.0,87.0,999.0,52.11,47.84,55.99,46.4,Prospect Park,2020-04-08 10:27:06,2020-04-08 23:27:37,Rain,light rain
2020-04-08 07:20:00,90.0,0.125,0.0,3.3200000000000003,294.5,90.0,999.0,52.11,47.80500000000001,55.99,46.4,Prospect Park,2020-04-08 10:27:06,2020-04-08 23:27:37,Rain,overcast clouds
2020-04-08 07:35:00,90.0,0.0,0.0,3.54,319.0,93.0,999.0,52.11,47.77,55.99,46.4,Prospect Park,2020-04-08 10:27:06,2020-04-08 23:27:37,Clouds,overcast clouds
2020-04-08 07:50:00,90.0,0.0,0.0,3.54,319.0,93.0,999.0,52.07,47.725,57.0,46.0,Prospect Park,2020-04-08 10:27:06,2020-04-08 23:27:37,Clouds,overcast clouds
2020-04-08 08:05:00,90.0,0.0,0.0,3.54,319.0,93.0,999.0,52.16,47.84,57.0,46.0,Prospect Park,2020-04-08 10:27:06,2020-04-08 23:27:37,Clouds,overcast clouds
2020-04-08 08:20:00,90.0,0.0,0.0,3.54,319.0,93.0,999.0,52.12,47.79,57.2,46.0,Prospect Park,2020-04-08 10:27:06,2020-04-08 23:27:37,Clouds,overcast clouds
2020-04-08 08:35:00,90.0,0.0,0.0,4.6,60.0,93.0,1000.0,52.16,46.51,57.2,46.0,Prospect Park,2020-04-08 10:27:06,2020-04-08 23:27:37,Clouds,overcast clouds
2020-04-08 08:50:00,90.0,0.0,0.0,4.6,60.0,93.0,1000.0,52.355,46.75,57.99,46.0,Prospect Park,2020-04-08 10:27:06,2020-04-08 23:27:37,Clouds,overcast clouds
2020-04-08 09:05:00,90.0,0.0,0.0,4.6,60.0,93.0,1000.0,52.68,47.16,59.0,46.0,Prospect Park,2020-04-08 10:27:06,2020-04-08 23:27:37,Clouds,overcast clouds
2020-04-08 09:20:00,90.0,0.0,0.0,3.1,80.0,87.0,1000.0,52.815,48.739999999999995,60.01,46.0,Prospect Park,2020-04-08 10:27:06,2020-04-08 23:27:37,Clouds,overcast clouds
2020-04-08 09:35:00,90.0,0.0,0.0,3.1,80.0,87.0,1000.0,53.96,50.18,62.01,46.0,Prospect Park,2020-04-08 10:27:06,2020-04-08 23:27:37,Clouds,overcast clouds
2020-04-08 09:50:00,90.0,0.0,0.0,3.1,80.0,87.0,1000.0,54.07,50.315,62.01,46.0,Prospect Park,2020-04-08 10:27:06,2020-04-08 23:27:37,Clouds,overcast clouds
2020-04-08 10:05:00,90.0,0.0,0.0,3.1,90.0,81.0,1001.0,54.01,49.75,63.0,46.99,Prospect Park,2020-04-08 10:27:06,2020-04-08 23:27:37,Mist,mist
2020-04-08 10:20:00,90.0,0.0,0.0,3.1,90.0,81.0,1001.0,53.53,49.14,62.01,46.99,Prospect Park,2020-04-08 10:27:06,2020-04-08 23:27:37,Mist,mist
2020-04-08 11:20:00,90.0,0.0,0.0,2.6,50.0,76.0,1001.0,55.19,51.41,63.0,48.99,Prospect Park,2020-04-08 10:27:06,2020-04-08 23:27:37,Clouds,overcast clouds
2020-04-08 11:35:00,90.0,0.0,0.0,2.6,50.0,76.0,1001.0,55.27,51.51,63.0,48.99,Prospect Park,2020-04-08 10:27:06,2020-04-08 23:27:37,Clouds,overcast clouds
2020-04-08 11:50:00,90.0,0.0,0.0,2.6,50.0,76.0,1001.0,56.345,52.855000000000004,63.0,50.0,Prospect Park,2020-04-08 10:27:06,2020-04-08 23:27:37,Clouds,overcast clouds
2020-04-08 15:50:00,75.0,0.0,0.0,3.6,80.0,48.0,1001.0,62.78,56.59,70.0,54.0,Prospect Park,2020-04-08 10:27:06,2020-04-08 23:27:37,Clouds,broken clouds
2020-04-08 16:05:00,75.0,0.0,0.0,3.6,80.0,48.0,1001.0,62.89,56.71,70.0,55.0,Prospect Park,2020-04-08 10:27:06,2020-04-08 23:27:37,Clouds,broken clouds
2020-04-08 16:20:00,75.0,0.0,0.0,3.6,80.0,48.0,1001.0,63.0,56.86,70.0,55.0,Prospect Park,2020-04-08 10:27:06,2020-04-08 23:27:37,Clouds,broken clouds
2020-04-08 16:35:00,75.0,0.0,0.0,3.6,80.0,48.0,1001.0,63.34,57.25,70.0,55.99,Prospect Park,2020-04-08 10:27:06,2020-04-08 23:27:37,Clouds,broken clouds
2020-04-08 16:50:00,57.5,0.0,0.0,3.35,70.0,48.0,1001.0,63.36,57.585,70.0,55.99,Prospect Park,2020-04-08 10:27:06,2020-04-08 23:27:37,Clouds,scattered clouds
2020-04-08 17:05:00,40.0,0.0,0.0,3.1,60.0,48.0,1001.0,63.32,57.87,69.8,55.99,Prospect Park,2020-04-08 10:27:06,2020-04-08 23:27:37,Clouds,scattered clouds
2020-04-08 17:20:00,40.0,0.0,0.0,3.1,60.0,48.0,1001.0,63.394999999999996,57.945,69.01,55.99,Prospect Park,2020-04-08 10:27:06,2020-04-08 23:27:37,Clouds,scattered clouds
2020-04-08 17:35:00,40.0,0.0,0.0,3.1,60.0,48.0,1001.0,63.43,57.99,69.01,55.99,Prospect Park,2020-04-08 10:27:06,2020-04-08 23:27:37,Clouds,scattered clouds
2020-04-08 17:50:00,40.0,0.0,0.0,3.1,60.0,48.0,1001.0,63.125,57.635000000000005,68.0,55.0,Prospect Park,2020-04-08 10:27:06,2020-04-08 23:27:37,Clouds,scattered clouds
2020-04-08 18:05:00,40.0,0.0,0.0,3.1,60.0,48.0,1001.0,63.0,57.49,68.0,55.0,Prospect Park,2020-04-08 10:27:06,2020-04-08 23:27:37,Clouds,scattered clouds
2020-04-08 18:20:00,40.0,0.0,0.0,3.1,60.0,48.0,1001.0,62.74,57.18,68.0,54.0,Prospect Park,2020-04-08 10:27:06,2020-04-08 23:27:37,Clouds,scattered clouds
2020-04-08 19:35:00,1.0,0.0,0.0,1.6,69.0,48.0,1003.0,57.97,53.44,66.2,48.99,Prospect Park,2020-04-08 10:27:06,2020-04-08 23:27:37,Clear,clear sky
2020-04-08 19:50:00,1.0,0.0,0.0,1.6,69.0,48.0,1003.0,57.114999999999995,52.44,65.30000000000001,48.99,Prospect Park,2020-04-08 10:27:06,2020-04-08 23:27:37,Clear,clear sky
2020-04-08 20:05:00,1.0,0.0,0.0,1.6,69.0,54.0,1004.0,54.86,50.34,63.0,48.2,Prospect Park,2020-04-08 10:27:06,2020-04-08 23:27:37,Clear,clear sky
2020-04-08 20:20:00,1.0,0.0,0.0,2.8499999999999996,129.5,62.5,1004.0,54.14,48.63,61.504999999999995,48.2,Prospect Park,2020-04-08 10:27:06,2020-04-08 23:27:37,Clear,clear sky
2020-04-08 20:35:00,1.0,0.0,0.0,4.1,190.0,71.0,1004.0,52.66,46.0,59.0,48.2,Prospect Park,2020-04-08 10:27:06,2020-04-08 23:27:37,Clear,clear sky
2020-04-08 20:50:00,1.0,0.0,0.0,4.1,190.0,71.0,1004.0,52.285,45.545,58.495000000000005,48.1,Prospect Park,2020-04-08 10:27:06,2020-04-08 23:27:37,Clear,clear sky
2020-04-08 21:05:00,1.0,0.0,0.0,4.1,190.0,71.0,1004.0,51.37,44.44,55.99,48.0,Prospect Park,2020-04-08 10:27:06,2020-04-08 23:27:37,Clear,clear sky
2020-04-08 21:20:00,1.0,0.0,0.0,3.8499999999999996,180.0,73.5,1004.5,50.864999999999995,44.34,55.495000000000005,46.99,Prospect Park,2020-04-08 10:27:06,2020-04-08 23:27:37,Clear,clear sky
2020-04-08 21:35:00,1.0,0.0,0.0,3.6,170.0,76.0,1005.0,50.38,44.26,54.0,46.99,Prospect Park,2020-04-08 10:27:06,2020-04-08 23:27:37,Clear,clear sky
2020-04-08 21:50:00,1.0,0.0,0.0,3.6,170.0,76.0,1005.0,50.05,43.86,54.0,46.0,Prospect Park,2020-04-08 10:27:06,2020-04-08 23:27:37,Clear,clear sky
2020-04-08 22:05:00,1.0,0.0,0.0,3.6,170.0,76.0,1005.0,49.96,43.75,54.0,46.0,Prospect Park,2020-04-08 10:27:06,2020-04-08 23:27:37,Clear,clear sky
2020-04-08 22:20:00,1.0,0.0,0.0,3.6,170.0,76.0,1005.0,49.55,43.25,53.6,46.0,Prospect Park,2020-04-08 10:27:06,2020-04-08 23:27:37,Clear,clear sky
2020-04-08 23:20:00,1.0,0.0,0.0,2.6,190.0,81.0,1005.0,48.2,43.23,51.8,45.0,Prospect Park,2020-04-08 10:27:06,2020-04-08 23:27:37,Clear,clear sky
2020-04-08 23:35:00,1.0,0.0,0.0,2.6,190.0,81.0,1005.0,47.8,42.76,51.01,44.01,Prospect Park,2020-04-08 10:27:06,2020-04-08 23:27:37,Clear,clear sky
2020-04-08 23:50:00,1.0,0.0,0.0,2.6,190.0,81.0,1005.0,47.655,42.585,51.01,44.01,Prospect Park,2020-04-09 10:25:31,2020-04-09 23:28:39,Clear,clear sky
2020-04-09 00:05:00,1.0,0.0,0.0,2.6,190.0,81.0,1005.0,47.5,42.39,50.0,44.01,Prospect Park,2020-04-09 10:25:31,2020-04-09 23:28:39,Clear,clear sky
2020-04-09 00:20:00,1.0,0.0,0.0,2.6,190.0,81.0,1005.0,47.5,42.39,50.0,44.01,Prospect Park,2020-04-09 10:25:31,2020-04-09 23:28:39,Clear,clear sky
2020-04-09 00:35:00,1.0,0.0,0.0,2.74,181.0,87.0,1005.0,47.08,42.12,50.0,43.0,Prospect Park,2020-04-09 10:25:31,2020-04-09 23:28:39,Clear,clear sky
2020-04-09 00:50:00,1.0,0.0,0.0,2.74,181.0,87.0,1005.0,47.09,42.125,50.0,43.0,Prospect Park,2020-04-09 10:25:31,2020-04-09 23:28:39,Clear,clear sky
2020-04-09 01:05:00,1.0,0.0,0.0,2.74,181.0,87.0,1005.0,46.99,42.01,50.0,43.0,Prospect Park,2020-04-09 10:25:31,2020-04-09 23:28:39,Clear,clear sky
2020-04-09 01:20:00,1.0,0.0,0.0,2.42,205.5,87.0,1004.5,46.83,42.215,50.0,42.8,Prospect Park,2020-04-09 10:25:31,2020-04-09 23:28:39,Clear,clear sky
2020-04-09 01:35:00,1.0,0.0,0.0,2.1,230.0,87.0,1004.0,46.81,42.58,50.0,42.8,Prospect Park,2020-04-09 10:25:31,2020-04-09 23:28:39,Clear,clear sky
2020-04-09 01:50:00,1.0,0.0,0.0,2.1,230.0,87.0,1004.0,46.785,42.555,50.0,42.405,Prospect Park,2020-04-09 10:25:31,2020-04-09 23:28:39,Clear,clear sky
2020-04-09 02:05:00,1.0,0.0,0.0,2.1,230.0,87.0,1004.0,46.76,42.53,50.0,42.01,Prospect Park,2020-04-09 10:25:31,2020-04-09 23:28:39,Clear,clear sky
2020-04-09 02:20:00,1.0,0.0,0.0,2.35,245.0,87.0,1004.0,46.61,42.025000000000006,48.99,43.0,Prospect Park,2020-04-09 10:25:31,2020-04-09 23:28:39,Clear,clear sky
2020-04-09 02:35:00,1.0,0.0,0.0,2.6,260.0,87.0,1004.0,46.6,41.7,48.99,44.01,Prospect Park,2020-04-09 10:25:31,2020-04-09 23:28:39,Clear,clear sky
2020-04-09 02:50:00,1.0,0.0,0.0,2.6,260.0,87.0,1004.0,46.625,41.730000000000004,49.495000000000005,44.01,Prospect Park,2020-04-09 10:25:31,2020-04-09 23:28:39,Clear,clear sky
2020-04-09 03:05:00,1.0,0.0,0.0,2.6,260.0,87.0,1004.0,46.6,41.7,50.0,43.0,Prospect Park,2020-04-09 10:25:31,2020-04-09 23:28:39,Clear,clear sky
2020-04-09 03:20:00,1.0,0.0,0.0,2.6,265.0,87.0,1003.5,46.465,41.540000000000006,50.0,42.8,Prospect Park,2020-04-09 10:25:31,2020-04-09 23:28:39,Clear,clear sky
2020-04-09 03:35:00,1.0,0.0,0.0,2.6,270.0,87.0,1003.0,46.42,41.49,50.0,42.8,Prospect Park,2020-04-09 10:25:31,2020-04-09 23:28:39,Clear,clear sky
2020-04-09 03:50:00,1.0,0.0,0.0,2.6,270.0,87.0,1003.0,46.03,41.010000000000005,48.99,42.01,Prospect Park,2020-04-09 10:25:31,2020-04-09 23:28:39,Clear,clear sky
2020-04-09 04:05:00,1.0,0.0,0.0,2.6,270.0,87.0,1003.0,46.04,41.02,48.99,42.01,Prospect Park,2020-04-09 10:25:31,2020-04-09 23:28:39,Clear,clear sky
2020-04-09 04:20:00,1.0,0.0,0.0,2.05,280.0,90.0,1002.5,46.255,42.17,50.0,42.504999999999995,Prospect Park,2020-04-09 10:25:31,2020-04-09 23:28:39,Clear,clear sky
2020-04-09 04:35:00,1.0,0.0,0.0,1.5,290.0,93.0,1002.0,46.2,42.98,50.0,42.01,Prospect Park,2020-04-09 10:25:31,2020-04-09 23:28:39,Clear,clear sky
2020-04-09 04:50:00,1.0,0.0,0.0,1.5,290.0,93.0,1002.0,46.58,43.45,50.0,42.504999999999995,Prospect Park,2020-04-09 10:25:31,2020-04-09 23:28:39,Clear,clear sky
2020-04-09 05:05:00,1.0,0.0,0.0,1.5,290.0,93.0,1002.0,46.74,43.65,50.0,43.0,Prospect Park,2020-04-09 10:25:31,2020-04-09 23:28:39,Clear,clear sky
2020-04-09 05:20:00,38.0,0.0,0.0,3.45,229.5,90.0,1001.5,46.735,40.985,50.0,42.8,Prospect Park,2020-04-09 10:25:31,2020-04-09 23:28:39,Clouds,clear sky
2020-04-09 05:35:00,75.0,0.0,0.0,5.4,169.0,87.0,1001.0,46.9,38.53,50.0,42.8,Prospect Park,2020-04-09 10:25:31,2020-04-09 23:28:39,Clouds,broken clouds
2020-04-09 05:50:00,75.0,0.0,0.0,5.4,169.0,87.0,1001.0,47.25,38.955,50.0,44.01,Prospect Park,2020-04-09 10:25:31,2020-04-09 23:28:39,Clouds,broken clouds
2020-04-09 06:05:00,75.0,0.0,0.0,5.4,169.0,87.0,1001.0,47.34,39.07,50.0,44.01,Prospect Park,2020-04-09 10:25:31,2020-04-09 23:28:39,Clouds,broken clouds
2020-04-09 06:20:00,82.5,0.0,0.0,6.300000000000001,166.5,87.0,1000.5,47.265,37.84,51.01,42.9,Prospect Park,2020-04-09 10:25:31,2020-04-09 23:28:39,Clouds,overcast clouds
2020-04-09 06:35:00,90.0,0.0,0.0,7.2,164.0,87.0,1000.0,47.48,36.97,51.01,44.01,Prospect Park,2020-04-09 10:25:31,2020-04-09 23:28:39,Clouds,overcast clouds
2020-04-09 06:50:00,90.0,0.0,0.0,7.2,164.0,87.0,1000.0,47.754999999999995,37.31,51.405,44.01,Prospect Park,2020-04-09 10:25:31,2020-04-09 23:28:39,Clouds,overcast clouds
2020-04-09 07:05:00,90.0,0.0,0.0,7.2,164.0,87.0,1000.0,47.8,37.36,51.8,44.01,Prospect Park,2020-04-09 10:25:31,2020-04-09 23:28:39,Clouds,overcast clouds
2020-04-09 07:20:00,90.0,0.0,0.0,7.2,164.0,84.0,999.5,48.265,37.715,51.8,44.305,Prospect Park,2020-04-09 10:25:31,2020-04-09 23:28:39,Clouds,overcast clouds
2020-04-09 07:35:00,90.0,0.0,0.0,7.2,164.0,81.0,999.0,48.58,37.9,52.0,44.6,Prospect Park,2020-04-09 10:25:31,2020-04-09 23:28:39,Clouds,overcast clouds
2020-04-09 07:50:00,90.0,0.0,0.0,7.2,164.0,81.0,999.0,48.9,38.3,52.0,45.0,Prospect Park,2020-04-09 10:25:31,2020-04-09 23:28:39,Clouds,overcast clouds
2020-04-09 08:20:00,90.0,0.0,0.0,3.1,140.0,81.0,998.0,49.66,44.38,53.01,46.0,Prospect Park,2020-04-09 10:25:31,2020-04-09 23:28:39,Clouds,overcast clouds
2020-04-09 08:35:00,90.0,0.0,0.0,3.1,140.0,81.0,998.0,49.82,44.58,53.01,46.0,Prospect Park,2020-04-09 10:25:31,2020-04-09 23:28:39,Clouds,overcast clouds
2020-04-09 08:50:00,90.0,0.0,0.0,3.1,140.0,81.0,998.0,49.975,44.76,53.504999999999995,46.0,Prospect Park,2020-04-09 10:25:31,2020-04-09 23:28:39,Clouds,overcast clouds
2020-04-09 09:05:00,90.0,0.0,0.0,3.1,140.0,81.0,998.0,50.27,45.12,54.0,46.0,Prospect Park,2020-04-09 10:25:31,2020-04-09 23:28:39,Clouds,overcast clouds
2020-04-09 09:20:00,90.0,0.0,0.0,3.1,140.0,81.0,998.0,50.29,45.14,54.0,46.0,Prospect Park,2020-04-09 10:25:31,2020-04-09 23:28:39,Clouds,overcast clouds
2020-04-09 10:20:00,90.0,0.7,0.0,3.6,150.0,87.0,994.0,51.6,46.58,55.99,46.99,Prospect Park,2020-04-09 10:25:31,2020-04-09 23:28:39,Rain,light rain
2020-04-09 10:35:00,90.0,0.85,0.0,3.6,150.0,87.0,994.0,51.96,47.03,57.0,46.99,Prospect Park,2020-04-09 10:25:31,2020-04-09 23:28:39,Rain,light rain
2020-04-09 10:50:00,90.0,0.635,0.0,3.6,150.0,87.0,994.0,52.045,47.135,57.1,48.0,Prospect Park,2020-04-09 10:25:31,2020-04-09 23:28:39,Rain,light rain
2020-04-09 11:05:00,90.0,0.42,0.0,3.6,150.0,87.0,994.0,52.09,47.19,57.2,48.0,Prospect Park,2020-04-09 10:25:31,2020-04-09 23:28:39,Rain,light rain
2020-04-09 11:20:00,90.0,0.255,0.0,3.6,155.0,84.0,993.0,52.5,47.48,58.495000000000005,48.0,Prospect Park,2020-04-09 10:25:31,2020-04-09 23:28:39,Rain,overcast clouds
2020-04-09 11:35:00,90.0,0.0,0.0,3.6,160.0,81.0,992.0,52.79,47.59,59.0,48.0,Prospect Park,2020-04-09 10:25:31,2020-04-09 23:28:39,Clouds,overcast clouds
2020-04-09 11:50:00,90.0,0.0,0.0,3.6,160.0,81.0,992.0,53.06,47.93,59.504999999999995,48.0,Prospect Park,2020-04-09 10:25:31,2020-04-09 23:28:39,Clouds,overcast clouds
2020-04-09 12:05:00,90.0,0.0,0.0,3.6,160.0,81.0,992.0,53.31,48.24,60.01,48.2,Prospect Park,2020-04-09 10:25:31,2020-04-09 23:28:39,Clouds,overcast clouds
2020-04-09 12:20:00,90.0,0.0,0.0,2.55,165.0,84.0,990.5,54.05,50.739999999999995,61.0,48.2,Prospect Park,2020-04-09 10:25:31,2020-04-09 23:28:39,Clouds,overcast clouds
2020-04-09 12:35:00,90.0,0.0,0.0,1.5,170.0,87.0,989.0,54.09,52.36,61.0,48.2,Prospect Park,2020-04-09 10:25:31,2020-04-09 23:28:39,Clouds,overcast clouds
2020-04-09 12:50:00,90.0,0.0,0.0,1.5,170.0,87.0,989.0,55.84,54.605,64.99,48.2,Prospect Park,2020-04-09 10:25:31,2020-04-09 23:28:39,Clouds,overcast clouds
2020-04-09 13:05:00,90.0,0.0,0.0,1.5,170.0,87.0,989.0,55.94,54.73,64.99,48.2,Prospect Park,2020-04-09 10:25:31,2020-04-09 23:28:39,Clouds,overcast clouds
2020-04-09 13:20:00,90.0,0.125,0.0,1.8,225.0,87.0,988.5,57.010000000000005,55.730000000000004,66.2,49.1,Prospect Park,2020-04-09 10:25:31,2020-04-09 23:28:39,Rain,overcast clouds
2020-04-09 13:35:00,90.0,0.25,0.0,2.1,280.0,87.0,988.0,57.02,55.36,66.2,50.0,Prospect Park,2020-04-09 10:25:31,2020-04-09 23:28:39,Rain,light rain
2020-04-09 13:50:00,90.0,0.29500000000000004,0.0,2.1,280.0,87.0,988.0,55.540000000000006,53.465,63.7,50.0,Prospect Park,2020-04-09 10:25:31,2020-04-09 23:28:39,Rain,light rain
2020-04-09 14:05:00,90.0,1.17,0.0,2.1,280.0,87.0,988.0,53.96,51.44,61.0,48.99,Prospect Park,2020-04-09 10:25:31,2020-04-09 23:28:39,Rain,moderate rain
2020-04-09 14:20:00,90.0,1.145,0.0,3.0999999999999996,270.0,84.0,988.0,53.584999999999994,49.46,57.2,49.495000000000005,Prospect Park,2020-04-09 10:25:31,2020-04-09 23:28:39,Thunderstorm,thunderstorm with rain
2020-04-09 14:35:00,90.0,1.78,0.0,4.1,260.0,81.0,988.0,53.44,47.77,57.2,50.0,Prospect Park,2020-04-09 10:25:31,2020-04-09 23:28:39,Thunderstorm,thunderstorm with rain
2020-04-09 14:50:00,90.0,2.03,0.0,4.1,260.0,81.0,988.0,52.84,47.03,57.0,48.99,Prospect Park,2020-04-09 10:25:31,2020-04-09 23:28:39,Thunderstorm,thunderstorm with rain
2020-04-09 18:20:00,20.0,0.0,0.0,6.7,300.0,40.0,993.0,51.42,38.86,57.0,46.0,Prospect Park,2020-04-09 10:25:31,2020-04-09 23:28:39,Clouds,few clouds
2020-04-09 19:20:00,20.0,0.0,0.0,8.34,301.0,40.0,994.0,49.64,34.81,54.0,45.0,Prospect Park,2020-04-09 10:25:31,2020-04-09 23:28:39,Clouds,few clouds
2020-04-09 19:35:00,20.0,0.0,0.0,8.34,301.0,40.0,994.0,49.44,34.59,54.0,45.0,Prospect Park,2020-04-09 10:25:31,2020-04-09 23:28:39,Clouds,few clouds
2020-04-09 19:50:00,20.0,0.0,0.0,9.07,300.5,38.5,994.0,48.875,32.94,53.305,44.01,Prospect Park,2020-04-09 10:25:31,2020-04-09 23:28:39,Clouds,few clouds
2020-04-09 20:05:00,1.0,0.0,0.0,4.6,300.0,39.0,995.0,48.54,38.23,53.01,44.01,Prospect Park,2020-04-09 10:25:31,2020-04-09 23:28:39,Clear,clear sky
2020-04-09 20:20:00,1.0,0.0,0.0,4.6,300.0,39.0,995.0,48.54,38.23,53.01,44.01,Prospect Park,2020-04-09 10:25:31,2020-04-09 23:28:39,Clear,clear sky
2020-04-10 00:35:00,90.0,0.0,0.0,4.6,270.0,52.0,995.0,43.43,33.39,48.2,37.99,Prospect Park,2020-04-10 10:23:56,2020-04-10 23:29:42,Clouds,overcast clouds
2020-04-10 00:50:00,90.0,0.0,0.0,4.6,270.0,52.0,995.0,43.045,32.955,48.1,37.495000000000005,Prospect Park,2020-04-10 10:23:56,2020-04-10 23:29:42,Clouds,overcast clouds
2020-04-10 01:05:00,90.0,0.0,0.0,4.6,270.0,52.0,995.0,42.66,32.52,48.0,37.0,Prospect Park,2020-04-10 10:23:56,2020-04-10 23:29:42,Clouds,overcast clouds
2020-04-10 01:20:00,90.0,0.25,0.0,5.15,270.0,61.0,995.0,41.83,31.395,46.2,37.0,Prospect Park,2020-04-10 10:23:56,2020-04-10 23:29:42,Rain,light rain
2020-04-10 01:35:00,90.0,0.25,0.0,5.7,270.0,70.0,995.0,41.74,31.08,46.0,37.0,Prospect Park,2020-04-10 10:23:56,2020-04-10 23:29:42,Rain,light rain
2020-04-10 01:50:00,90.0,0.25,0.0,5.7,270.0,70.0,995.0,41.295,30.58,44.504999999999995,37.4,Prospect Park,2020-04-10 10:23:56,2020-04-10 23:29:42,Rain,light rain
2020-04-10 02:05:00,90.0,0.25,0.0,5.7,270.0,70.0,995.0,41.13,30.38,44.01,37.4,Prospect Park,2020-04-10 10:23:56,2020-04-10 23:29:42,Rain,light rain
2020-04-10 02:20:00,82.5,0.0,0.0,5.95,265.0,70.0,994.5,41.1,30.04,43.504999999999995,37.99,Prospect Park,2020-04-10 10:23:56,2020-04-10 23:29:42,Rain,light rain
2020-04-10 02:35:00,75.0,0.0,0.0,6.2,260.0,70.0,994.0,41.04,29.66,43.0,37.99,Prospect Park,2020-04-10 10:23:56,2020-04-10 23:29:42,Clouds,broken clouds
2020-04-10 02:50:00,75.0,0.0,0.0,6.2,260.0,70.0,994.0,41.019999999999996,29.634999999999998,43.504999999999995,37.99,Prospect Park,2020-04-10 10:23:56,2020-04-10 23:29:42,Clouds,broken clouds
2020-04-10 03:05:00,75.0,0.0,0.0,6.2,260.0,70.0,994.0,41.04,29.66,44.01,37.99,Prospect Park,2020-04-10 10:23:56,2020-04-10 23:29:42,Clouds,broken clouds
2020-04-10 03:20:00,75.0,0.0,0.0,7.449999999999999,260.0,70.0,994.0,41.08,28.119999999999997,44.01,37.495000000000005,Prospect Park,2020-04-10 10:23:56,2020-04-10 23:29:42,Clouds,broken clouds
2020-04-10 03:35:00,75.0,0.0,0.0,8.7,260.0,70.0,994.0,41.02,26.47,44.01,37.0,Prospect Park,2020-04-10 10:23:56,2020-04-10 23:29:42,Clouds,broken clouds
2020-04-10 03:50:00,75.0,0.0,0.0,8.7,260.0,70.0,994.0,40.485,25.869999999999997,44.01,35.01,Prospect Park,2020-04-10 10:23:56,2020-04-10 23:29:42,Clouds,broken clouds
2020-04-10 04:05:00,75.0,0.0,0.0,8.7,260.0,70.0,994.0,39.76,25.05,44.01,34.0,Prospect Park,2020-04-10 10:23:56,2020-04-10 23:29:42,Clouds,broken clouds
2020-04-10 04:20:00,75.0,0.0,0.0,8.7,260.0,70.0,994.0,39.76,25.05,44.01,34.0,Prospect Park,2020-04-10 10:23:56,2020-04-10 23:29:42,Clouds,broken clouds
2020-04-10 06:20:00,1.0,0.0,0.0,4.6,260.0,66.0,995.0,37.98,28.02,41.0,34.0,Prospect Park,2020-04-10 10:23:56,2020-04-10 23:29:42,Clear,clear sky
2020-04-10 06:35:00,1.0,0.0,0.0,4.6,260.0,66.0,995.0,38.14,28.2,41.0,35.01,Prospect Park,2020-04-10 10:23:56,2020-04-10 23:29:42,Clear,clear sky
2020-04-10 06:50:00,1.0,0.25,0.0,4.6,260.0,66.0,995.0,38.295,28.365000000000002,41.0,35.01,Prospect Park,2020-04-10 10:23:56,2020-04-10 23:29:42,Rain,light rain
2020-04-10 07:05:00,1.0,0.25,0.0,4.6,260.0,66.0,995.0,38.61,28.72,42.01,35.01,Prospect Park,2020-04-10 10:23:56,2020-04-10 23:29:42,Rain,light rain
2020-04-10 07:20:00,1.0,0.25,0.0,6.15,265.0,65.5,995.0,39.03,27.215,42.01,35.504999999999995,Prospect Park,2020-04-10 10:23:56,2020-04-10 23:29:42,Rain,light rain
2020-04-10 07:35:00,1.0,0.25,0.0,7.7,270.0,65.0,995.0,39.45,25.72,42.01,36.0,Prospect Park,2020-04-10 10:23:56,2020-04-10 23:29:42,Rain,light rain
2020-04-10 07:50:00,1.0,0.0,0.0,7.7,270.0,65.0,995.0,39.78,26.08,43.0,36.0,Prospect Park,2020-04-10 10:23:56,2020-04-10 23:29:42,Clear,clear sky
2020-04-10 08:05:00,1.0,0.0,0.0,7.7,270.0,65.0,995.0,40.53,26.94,43.0,37.0,Prospect Park,2020-04-10 10:23:56,2020-04-10 23:29:42,Clear,clear sky
2020-04-10 08:20:00,1.0,0.0,0.0,8.5,270.0,62.5,995.0,41.0,26.325,44.01,37.2,Prospect Park,2020-04-10 10:23:56,2020-04-10 23:29:42,Clear,clear sky
2020-04-10 08:35:00,1.0,0.0,0.0,9.3,270.0,60.0,995.0,41.41,25.65,44.01,37.99,Prospect Park,2020-04-10 10:23:56,2020-04-10 23:29:42,Clear,clear sky
2020-04-10 08:50:00,1.0,0.0,0.0,9.3,270.0,60.0,995.0,41.67,25.935,44.504999999999995,37.99,Prospect Park,2020-04-10 10:23:56,2020-04-10 23:29:42,Clear,clear sky
2020-04-10 09:05:00,1.0,0.0,0.0,9.3,270.0,60.0,995.0,41.97,26.28,45.0,37.99,Prospect Park,2020-04-10 10:23:56,2020-04-10 23:29:42,Clear,clear sky
2020-04-10 09:20:00,45.5,0.0,0.0,7.2,270.0,56.0,995.0,42.364999999999995,29.155,45.0,39.0,Prospect Park,2020-04-10 10:23:56,2020-04-10 23:29:42,Clouds,overcast clouds
2020-04-10 09:35:00,90.0,0.0,0.0,5.1,270.0,52.0,995.0,42.64,31.87,46.0,39.0,Prospect Park,2020-04-10 10:23:56,2020-04-10 23:29:42,Clouds,overcast clouds
2020-04-10 09:50:00,90.0,0.0,0.0,5.1,270.0,52.0,995.0,42.9,32.16,46.0,39.1,Prospect Park,2020-04-10 10:23:56,2020-04-10 23:29:42,Clouds,overcast clouds
2020-04-10 10:05:00,90.0,0.0,0.0,5.1,270.0,52.0,995.0,43.18,32.49,46.0,39.99,Prospect Park,2020-04-10 10:23:56,2020-04-10 23:29:42,Clouds,overcast clouds
2020-04-10 10:20:00,90.0,0.0,0.0,5.1,265.0,50.0,995.5,43.315,32.525000000000006,46.0,39.99,Prospect Park,2020-04-10 10:23:56,2020-04-10 23:29:42,Clouds,overcast clouds
2020-04-10 10:35:00,90.0,0.0,0.0,5.1,260.0,48.0,996.0,43.45,32.56,46.0,39.99,Prospect Park,2020-04-10 10:23:56,2020-04-10 23:29:42,Clouds,overcast clouds
2020-04-10 10:50:00,90.0,0.0,0.0,5.1,260.0,48.0,996.0,43.86,33.019999999999996,46.495000000000005,41.0,Prospect Park,2020-04-10 10:23:56,2020-04-10 23:29:42,Clouds,overcast clouds
2020-04-10 11:05:00,90.0,0.0,0.0,5.1,260.0,48.0,996.0,43.93,33.1,46.99,41.0,Prospect Park,2020-04-10 10:23:56,2020-04-10 23:29:42,Clouds,overcast clouds
2020-04-10 11:20:00,90.0,0.0,0.0,4.6,280.0,48.0,996.0,44.565,34.415,46.99,42.01,Prospect Park,2020-04-10 10:23:56,2020-04-10 23:29:42,Clouds,overcast clouds
2020-04-10 11:35:00,90.0,0.0,0.0,4.1,300.0,48.0,996.0,44.76,35.26,46.99,42.01,Prospect Park,2020-04-10 10:23:56,2020-04-10 23:29:42,Clouds,overcast clouds
2020-04-10 11:50:00,90.0,0.0,0.0,4.1,300.0,48.0,996.0,45.205,35.76,48.1,42.01,Prospect Park,2020-04-10 10:23:56,2020-04-10 23:29:42,Clouds,overcast clouds
2020-04-10 12:05:00,90.0,0.0,0.0,4.1,300.0,48.0,996.0,45.5,36.09,48.2,42.8,Prospect Park,2020-04-10 10:23:56,2020-04-10 23:29:42,Clouds,overcast clouds
2020-04-10 12:20:00,90.0,0.0,0.0,4.6,285.0,45.0,996.0,45.75,35.545,48.2,42.8,Prospect Park,2020-04-10 10:23:56,2020-04-10 23:29:42,Clouds,overcast clouds
2020-04-10 12:35:00,90.0,0.0,0.0,5.1,270.0,42.0,996.0,45.82,34.81,48.2,42.8,Prospect Park,2020-04-10 10:23:56,2020-04-10 23:29:42,Clouds,overcast clouds
2020-04-10 12:50:00,90.0,0.0,0.0,5.9,270.0,42.0,996.0,46.31,34.34,48.99,44.01,Prospect Park,2020-04-10 10:23:56,2020-04-10 23:29:42,Clouds,overcast clouds
2020-04-10 13:05:00,90.0,0.0,0.0,6.7,270.0,42.0,996.0,46.54,33.58,48.99,44.01,Prospect Park,2020-04-10 10:23:56,2020-04-10 23:29:42,Clouds,overcast clouds
2020-04-10 13:20:00,90.0,0.0,0.0,6.7,270.0,42.0,996.0,46.72,33.78,48.99,44.01,Prospect Park,2020-04-10 10:23:56,2020-04-10 23:29:42,Clouds,overcast clouds
2020-04-10 13:35:00,90.0,0.0,0.0,6.7,270.0,42.0,996.0,46.89,33.96,50.0,44.01,Prospect Park,2020-04-10 10:23:56,2020-04-10 23:29:42,Clouds,overcast clouds
2020-04-10 13:50:00,90.0,0.0,0.0,6.7,270.0,42.0,996.0,46.86,33.935,49.495000000000005,44.01,Prospect Park,2020-04-10 10:23:56,2020-04-10 23:29:42,Clouds,overcast clouds
2020-04-10 14:05:00,90.0,0.0,0.0,6.7,270.0,42.0,996.0,46.92,34.0,50.0,44.01,Prospect Park,2020-04-10 10:23:56,2020-04-10 23:29:42,Clouds,overcast clouds
2020-04-10 14:20:00,90.0,0.0,0.0,6.7,270.0,42.0,996.0,46.9,33.98,50.0,43.0,Prospect Park,2020-04-10 10:23:56,2020-04-10 23:29:42,Clouds,overcast clouds
2020-04-10 15:20:00,40.0,0.0,0.0,3.6,290.0,49.0,997.0,46.13,37.47,48.99,43.0,Prospect Park,2020-04-10 10:23:56,2020-04-10 23:29:42,Clouds,scattered clouds
2020-04-10 15:35:00,40.0,0.0,0.0,3.6,290.0,49.0,997.0,46.02,37.36,48.99,43.0,Prospect Park,2020-04-10 10:23:56,2020-04-10 23:29:42,Clouds,scattered clouds
2020-04-10 15:50:00,40.0,0.0,0.0,3.6,290.0,49.0,997.0,46.0,37.35,50.0,42.01,Prospect Park,2020-04-10 10:23:56,2020-04-10 23:29:42,Clouds,scattered clouds
